normalized,agassiz77,agassiz79a,agassiz79b,agassiz84,camp_century,camp_vi,devon_00,devon_71,devon_72,dye_3,flade_isblink,foxx1,foxx2,gisp2,grip,gull,h2015_s1a,h2015_s1b,h2015_s2a,h2015_s3a,h2015_s3b,h2015_s3c,h2015_s4a,h2015_s4b,h2015_s4c,h2015_s5a,h2015_s5b,hanstausen_dome,hanstausen_hare,isua_10,isua_11,isua_12,isua_13,isua_14,jakobshavn_center,jakobshavn_left,jakobshavn_sheet,mcdowell_2021_14n,mcdowell_2021_14sa,mcdowell_2021_14sb,mcdowell_2021_14w,mcdowell_2021_15ca,mcdowell_2021_15cb,mcdowell_2021_15e,mcdowell_2021_15n,mcdowell_2021_15s,meighen,neem,ngrip,penny,pow,renland,site_ii,td1,td2,td3,td41,td42,td51,td52,tuto_ramp
0.0100,,,,,-24.1034,,,,,,,-0.1415,,,,-0.9195,,,,,,,,,,-9.5627,,,,,,,,,-8.9232,-5.1535,,,,,,,,,,,-22.5657,,,,,,-24.0463,,,,,,,,
0.0200,,,,,-24.2647,,,,,,,-3.4257,,,,-1.4179,,,,,,,-6.4419,,,-9.5109,,,,,,,,,-10.0338,-6.0529,,,,,,,,,,,-22.9554,,,,,,-24.3889,,,,,,,,
0.0300,,,,-23.7284,-24.3450,,,,,,,-2.5832,,,,-1.3266,,,,,,,-5.7766,-6.8003,-4.6525,-9.4918,,-21.0400,,,,,-4.7113,-4.5192,-11.2115,-6.9523,-6.7516,-4.6647,,,,,,,-9.7459,,-22.2857,,,,,,-24.6184,,,,,,,,
0.0400,-24.2602,,,-23.3251,-24.4223,,,-22.8457,-23.0668,,,-1.7668,,-31.4000,-31.7097,-1.2353,,,,,,,-5.1112,-6.1538,-4.4785,-9.5139,,-20.9925,-18.2673,,,,-4.7098,-4.4374,-12.2722,-7.7242,-7.5992,-4.8092,,,,,,,-10.0102,,-20.3453,-29.0929,,,,,-24.8065,,,,,,,,
0.0500,-24.3458,,,-22.9219,-24.4599,,-22.5168,-22.9090,-23.0266,,,-1.4153,,-31.4000,-31.7169,-1.1440,,0.2678,,,,-5.3982,-4.6921,-5.5073,-4.3044,-9.5360,,-20.9450,-17.7702,,,,-4.7084,-4.3555,-13.1182,-8.3858,-8.4468,-4.9537,,,,,,,-10.2744,,-19.6367,-29.1335,,,,-18.4791,-24.9482,,,,,,,,-4.9105
0.0600,-24.3322,,,-22.5187,-24.4976,,-22.6009,-22.9723,-23.0121,,,-1.1620,,-31.4000,-31.7069,-1.0527,,0.1581,,,-5.3785,-4.7320,-4.3684,-4.9859,-4.2046,-9.6125,,-20.8975,-17.3054,-3.7566,,,-4.7069,-4.2776,-13.9642,-9.0473,-9.2943,-5.0981,,,,,,,-10.4324,,-19.0440,-29.1710,,-11.9636,-20.9007,-18.5726,-25.0373,,-2.7808,-1.9800,,,,,-5.6057
0.0700,-24.2498,,,-22.3112,-24.5283,,-22.6851,-23.0356,-23.0021,,,-1.1434,,-31.3660,-31.6688,-0.9614,,0.0779,,,-4.5359,-4.0658,-4.0448,-4.9092,-4.1640,-9.7060,,-20.8500,-16.8406,-3.7186,,,-4.6130,-4.2081,-14.7180,-9.6116,-10.1419,-5.2427,,,-11.0467,-10.6089,,-11.0299,-10.4967,,-18.3168,-29.1757,-31.4305,-12.0692,-20.9523,-18.6297,-25.1094,,-2.7056,-1.5600,,,,,-6.3009
0.0800,-24.1900,,-22.2976,-22.1760,-24.5502,,-22.7421,-23.0990,-23.0019,-20.3257,,-1.1345,,-31.3040,-31.6252,-0.9320,,0.0054,,,-3.6933,-3.3997,-4.0023,-4.8326,-4.1233,-9.8284,,-20.8025,-16.4421,-3.6807,,,-4.4536,-4.1388,-15.2634,-10.1256,-10.9894,-5.3871,,,-11.1337,-10.7182,,-11.0967,-10.5610,-9.0073,-17.7540,-29.1781,-31.4082,-12.1748,-21.0039,-18.6620,-25.1502,,-2.6304,-1.3200,,,,,-6.9961
0.0900,-24.1900,-22.3423,-22.2863,-22.0407,-24.5720,,-22.7481,-23.1148,-23.0018,-20.4300,,-1.1406,,-31.2420,-31.5796,-0.9103,,-0.0670,,,-2.8507,-2.7772,-4.0667,-4.7559,-4.1600,-9.9865,,-20.7551,-16.1485,-3.6427,,,-4.2942,-4.0694,-15.8088,-10.6396,-11.8369,-5.5316,,,-11.2207,-10.8276,,-11.1634,-10.6333,-9.1176,-17.4631,-29.1624,-31.3860,-12.2804,-21.0555,-18.6516,-25.1781,,-2.5552,-1.1100,,,,,-7.6913
0.1000,-24.1220,-22.3281,-22.2750,-21.9054,-24.5939,,-22.7541,-23.1307,-23.0048,-20.4290,,-1.1467,,-31.1900,-31.5188,-0.8887,,-0.1158,,,-2.1101,-2.6138,-4.1303,-4.6792,-4.2313,-10.1446,,-20.6971,-15.8549,-3.6047,,,-4.1348,-3.9953,-16.3542,-11.1537,-12.6845,-5.7714,,,-11.3077,-10.9368,,-11.2302,-10.7176,-9.2279,-17.1659,-29.1458,-31.3637,-12.3860,-21.1071,-18.6344,-25.2026,,-2.4800,-0.9000,,,,,-8.3864
0.1100,-24.0650,-22.3139,-22.2637,-21.8551,-24.5975,,-22.7596,-23.1405,-23.0146,-20.4058,,-1.1528,,-31.1590,-31.4583,-0.8671,,-0.1195,,,-2.0595,-2.4504,-4.1371,-4.6268,-4.3025,-10.3482,,-20.6351,-15.5613,-3.5667,,,-3.9804,-3.9106,-16.7492,-11.6678,-13.5321,-6.0161,-10.4444,,-11.3948,-11.0462,,-11.2970,-10.8019,-9.3999,-17.1647,-29.1229,-31.3414,-12.4916,-21.1587,-18.6150,-25.2236,,-2.4048,-0.6900,,,,,-8.8834
0.1200,-24.0309,-22.2992,-22.2411,-21.8245,-24.5991,,-22.7416,-23.1383,-23.0246,-20.3673,,-1.2259,,-31.1280,-31.4142,-0.8556,0.0076,-0.1231,,,-2.0090,-2.2871,-4.1439,-4.6994,-4.3858,-10.5654,,-20.5731,-15.3638,-3.5287,,,-3.9102,-3.8258,-17.0156,-12.1341,-14.3796,-6.2607,-10.5121,,-11.4818,-11.1555,,-11.3638,-10.8862,-9.6794,-17.1118,-29.1006,-31.3457,-12.5457,-21.1890,-18.5962,-25.2431,,-2.3824,-0.4800,,,,,-9.2387
0.1300,-23.9570,-22.2595,-22.2129,-21.7939,-24.6008,,-22.7236,-23.1361,-23.0346,-20.3358,,-1.3059,,-31.0970,-31.3778,-1.0341,0.0070,-0.1267,,,-1.9584,-2.1237,-4.1580,-4.7721,-4.4697,-10.8251,,-20.5111,-15.1740,-3.4907,,,-3.8400,-3.7411,-17.2820,-12.4893,-14.7721,-6.4887,-10.5798,,-11.5503,-11.2417,,-11.4305,-10.9704,-9.9590,-17.0740,-29.0804,-31.3675,-12.5703,-21.2071,-18.5761,-25.2612,,-2.3636,-0.2700,,,,,-9.5941
0.1400,-23.8958,-22.2198,-22.1846,-21.7633,-24.6015,,-22.7055,-23.1338,-23.0325,-20.2933,,-1.3859,,-31.0660,-31.3578,-1.2125,0.0065,-0.1068,,,-1.9078,-2.2482,-4.2097,-4.8447,-4.5534,-11.1032,-11.2328,-20.4534,-14.9841,-3.4528,,,-3.7694,-3.6624,-17.5484,-12.8444,-15.0521,-6.7133,-10.6401,,-11.6167,-11.2252,,-11.4973,-11.0546,-10.1603,-17.0837,-29.0616,-31.3891,-12.5950,-21.2252,-18.5557,-25.2796,,-2.3448,-0.0600,,,,,-9.9495
0.1500,-23.8487,-22.1800,-22.1546,-21.7258,-24.6015,,-22.6958,-23.1256,-23.0298,-20.2500,-16.6821,-1.4659,,-31.0350,-31.3308,-1.3908,0.0059,-0.0841,,,-1.8573,-2.3857,-4.2615,-4.8834,-4.6251,-11.2758,-11.4500,-20.4027,-14.8011,-3.4147,,,-3.6888,-3.5876,-17.8148,-13.1997,-15.3322,-6.9379,-10.6867,,-11.6830,-11.2087,,-11.5641,-11.1452,-10.2495,-17.1555,-29.0474,-31.4108,-12.6196,-21.2433,-18.5375,-25.2980,,-2.3260,-0.0025,,,,,-10.3049
0.1600,-23.8146,-22.1375,-22.1122,-21.6875,-24.6015,,-22.6891,-23.1145,-23.0272,-20.2132,-16.7798,-1.5458,,-31.0040,-31.3027,-1.5692,0.0054,-0.0615,,,-1.8068,-2.5233,-4.3047,-4.9071,-4.6964,-11.2787,-11.6486,-20.3521,-14.6694,-3.3915,,,-3.6081,-3.5126,-18.0659,-13.5549,-15.6122,-7.1198,-10.7333,,-11.7674,-11.2220,,-11.5908,-11.2695,-10.3386,-17.1252,-29.0345,-31.4326,-12.6442,-21.2613,-18.5218,-25.3166,,-2.3072,-0.0060,,,,,-10.6603
0.1700,-23.7688,-22.0921,-22.0699,-21.6492,-24.5864,,-22.6591,-23.1033,-23.0177,-20.1757,-16.8718,-1.6424,,-31.0000,-31.2954,-1.7476,0.0048,-0.0388,,,-1.7562,-2.6609,-4.3047,-4.9464,-4.7668,-11.2817,-11.7332,-20.3013,-14.5376,-3.3811,,,-3.5275,-3.4377,-18.2416,-13.9100,-15.8922,-7.2843,-10.7718,,-11.8544,-11.3523,,-11.6160,-11.3937,-10.3987,-17.1136,-29.0259,-31.4491,-12.6689,-21.2795,-18.5080,-25.3350,-0.8160,-2.3000,-0.0095,,,,,-10.9304
0.1800,-23.7171,-22.0467,-22.0275,-21.6110,-24.5700,,-22.6356,-23.0904,-23.0038,-20.1352,-16.9523,-1.7545,,-31.0000,-31.2905,-1.9637,0.0043,-0.0160,,,-1.7056,-2.8178,-4.3047,-5.0359,-4.8345,-11.3964,-11.7646,-20.2506,-14.4058,-3.3706,,,-3.4468,-3.4061,-18.4173,-14.2579,-16.1723,-7.4488,-10.7974,,-11.9414,-11.4825,,-11.6413,-11.5142,-10.4245,-17.1103,-29.0188,-31.4632,-12.6834,-21.2834,-18.4940,-25.3534,-0.8640,-2.3000,-0.0130,,,,,-11.0300
0.1900,-23.6898,-22.0012,-21.9885,-21.5876,-24.5536,,-22.6236,-23.0767,-22.9900,-20.0904,-17.0257,-1.8666,,-31.0000,-31.2895,-2.1827,0.0037,0.0012,,,-1.7603,-2.9871,-4.3229,-5.1253,-4.9021,-11.5172,-11.7959,-20.1995,-14.2740,-3.3602,,,-3.3588,-3.3772,-18.5931,-14.5664,-16.4522,-7.5896,-10.8229,,-11.9237,-11.5942,,-11.7260,-11.5184,-10.4501,-17.1016,-29.0155,-31.4772,-12.6975,-21.2866,-18.4809,-25.3718,-0.9120,-2.3000,-0.0165,,,,,-11.1296
0.2000,-23.6495,-21.9586,-21.9518,-21.5646,-24.5257,,-22.6031,-23.0629,-22.9761,-20.0760,-17.0916,-1.9786,,-31.0000,-31.2966,-2.4017,0.0032,0.0095,,,-2.0284,-3.1564,-4.3812,-5.2019,-4.9547,-11.6859,-11.8272,-20.1482,-14.1447,-3.3498,,,-3.2215,-3.3482,-18.7681,-14.8749,-16.7323,-7.7141,-10.8485,,-11.8868,-11.6406,,-11.8135,-11.5227,-10.4545,-17.0856,-29.0135,-31.4952,-12.7116,-21.2899,-18.4689,-25.3903,-0.9600,-2.3000,-0.0200,,,,,-11.2293
0.2100,-23.6018,-21.9160,-21.9150,-21.5417,-24.4963,,-22.5791,-23.0492,-22.9545,-20.0504,-17.1493,-2.0907,,-31.0000,-31.3040,-2.6207,0.0026,0.0179,,,-2.2963,-3.3258,-4.4394,-5.2274,-4.9818,-11.9005,-11.8585,-20.0970,-14.0157,-3.3393,-3.7760,,-3.0843,-3.2890,-18.9264,-15.1834,-17.0123,-7.8385,-10.8741,,-11.8499,-11.6870,,-11.9011,-11.5270,-10.4379,-17.0737,-29.0146,-31.5151,-12.7257,-21.2931,-18.4569,-25.4087,-1.0080,-2.3000,-0.0235,,,,,-11.3289
0.2200,-23.5540,-21.8735,-21.8783,-21.5181,-24.4671,,-22.5550,-23.0285,-22.9323,-20.0153,-17.2022,-2.2026,,-31.0000,-31.3127,-2.8397,0.0021,0.0262,,,-2.5644,-3.4611,-4.4857,-5.2530,-5.0088,-12.1278,-11.9452,-20.0458,-13.8865,-3.3288,-3.7027,,-2.9471,-3.1455,-19.0847,-15.4920,-17.2923,-7.9630,-10.8996,,-11.8637,-11.7284,,-11.9099,-11.5856,-10.4212,-17.0618,-29.0170,-31.5349,-12.7398,-21.2964,-18.4458,-25.4271,-1.0560,-2.2832,-0.0270,,,,,-11.4285
0.2300,-23.5063,-21.8373,-21.8416,-21.4850,-24.4279,,-22.5344,-23.0079,-22.9111,-19.9801,-17.2417,-2.3143,,-31.0130,-31.3214,-3.1411,0.0015,0.0346,,,-2.8243,-3.4998,-4.5061,-5.2920,-5.0418,-12.0963,-12.0481,-19.9970,-13.7615,-3.3184,-3.6294,,-2.8099,-3.0018,-19.2430,-15.8005,-17.5724,-8.0874,-10.9252,,-11.8888,-11.7538,,-11.9144,-11.6499,-10.4741,-17.0499,-29.0216,-31.5548,-12.7500,-21.2968,-18.4357,,-1.1040,-2.2268,-0.0305,,,,,-11.5186
0.2400,-23.4569,-21.8089,-21.8049,-21.4518,-24.3788,,-22.5193,-22.9873,-22.8927,-19.9449,-17.2774,-2.4259,,-31.0440,-31.3415,-3.4618,0.0010,0.0430,,,-2.8814,-3.5387,-4.5265,-5.3979,-5.0805,-12.0521,-12.2117,-19.9494,-13.6371,-3.3080,-3.5561,,-2.7653,-2.8583,-19.4013,-16.1090,-17.8329,-8.2119,-10.9507,,-11.9138,-11.7792,,-11.9187,-11.7141,-10.5844,-17.0379,-29.0273,-31.5844,-12.7500,-21.2896,-18.4256,,-1.1520,-2.1704,-0.0340,,,,,-11.5046
0.2500,-23.4024,-21.7805,-21.7682,-21.4186,-24.3299,,-22.4958,-22.9642,-22.8742,-19.9090,-17.3075,-2.5375,,-31.0750,-31.3657,-3.7827,0.0004,0.0513,,,-2.9386,-3.5775,-4.5640,-5.5039,-5.1191,-12.0585,-12.4422,-19.9017,-13.5129,-3.2975,-3.4828,-3.7966,-2.7226,-2.8444,-19.5596,-16.4175,-17.8881,-8.3504,-10.9762,,-11.9061,-11.7992,,-11.9427,-11.7315,-10.6947,-17.0263,-29.0347,-31.6173,-12.7500,-21.2826,-18.4143,,-1.2000,-2.1140,-0.0375,,,,,-11.4906
0.2600,-23.3531,-21.7521,-21.7315,-21.3861,-24.2817,,-22.4684,-22.9361,-22.8558,-19.8739,-17.3357,-2.6491,,-31.1060,-31.3991,-4.1035,-0.0002,0.0597,,,-2.9959,-3.6162,-4.6211,-5.5435,-5.1723,-12.0807,-12.6619,-19.8540,-13.3886,-3.2855,-3.4095,-3.7640,-2.6798,-2.8417,-19.7197,-16.7108,-17.9434,-8.5150,-10.9714,,-11.8898,-11.8036,,-11.9679,-11.7358,-10.7548,-17.0156,-29.0424,-31.6501,-12.7500,-21.2755,-18.4003,,-1.2600,-2.0576,-0.0410,,,,,-11.4765
0.2700,-23.3012,-21.7132,-21.6948,-21.3581,-24.2352,,-22.4354,-22.9081,-22.8334,-19.8479,-17.3454,-2.7606,,-31.1370,-31.4360,-4.4242,-0.0007,0.0681,,,-3.0530,-3.6518,-4.6784,-5.4924,-5.2400,-12.1918,-12.8307,-19.8058,-13.2678,-3.2681,-3.3362,-3.7313,-2.6371,-2.8391,-19.8896,-16.9893,-17.9987,-8.6795,-10.9338,,-11.8736,-11.8081,,-11.9931,-11.7401,-10.7804,-17.0049,-29.0506,-31.6833,-12.7500,-21.2684,-18.3864,,-1.3200,-2.0012,-0.0445,,,,,-11.4625
0.2800,-23.2399,-21.6735,-21.6581,-21.3300,-24.1907,,-22.4092,-22.8802,-22.8080,-19.8353,-17.3534,-2.8734,,-31.1680,-31.4781,-4.7795,-0.0013,0.0764,,,-3.1102,-3.6872,-4.7018,-5.4413,-5.3076,-12.4867,-12.9865,-19.7576,-13.1484,-3.2508,-3.2628,-3.6986,-2.5753,-2.8147,-20.0596,-17.2679,-18.0539,-8.8347,-10.8961,,-11.8732,-11.8125,,-12.0377,-11.7574,-10.8060,-16.9941,-29.0592,-31.7306,-12.7500,-21.2613,-18.3710,,-1.3800,-2.0184,-0.0480,,,,,-11.4484
0.2900,-23.1785,-21.6338,-21.6214,-21.3019,-24.1628,,-22.3942,-22.8524,-22.7827,-19.8286,-17.3550,-2.9866,,-31.1990,-31.5176,-5.1502,-0.0018,0.0848,,,-3.1673,-3.7224,-4.7142,-5.4386,-5.3153,-12.8348,-13.1319,-19.7094,-13.0291,-3.2335,-3.1895,-3.6660,-2.5097,-2.7211,-20.2295,-17.5465,-18.1092,-8.9592,-10.8801,,-11.8776,-11.8170,,-12.0837,-11.7817,-10.8318,-16.9833,-29.0682,-31.7779,-12.7448,-21.2498,-18.3515,,-1.4400,-2.0372,-0.0515,,,,,-11.4343
0.3000,-23.1171,-21.5952,-21.5901,-21.2694,-24.1351,,-22.3683,-22.8246,-22.7541,-19.8062,-17.3568,-3.0998,,-31.2600,-31.5559,-5.5210,-0.0010,0.0932,,,-3.2245,-3.7577,-4.7265,-5.5124,-5.2882,-13.0071,-13.2599,-19.6603,-12.9098,-3.2161,-3.1446,-3.6333,-2.4440,-2.6276,-20.3995,-17.8251,-18.1645,-9.0836,-10.8846,,-11.8820,-11.8215,,-12.1296,-11.8059,-10.8574,-16.9725,-29.0765,-31.8253,-12.7360,-21.2352,-18.3321,,-1.5000,-2.0560,-0.0550,,,,,-11.4203
0.3100,-23.0558,-21.5583,-21.5590,-21.2209,-24.1055,,-22.3386,-22.7969,-22.7148,-19.7856,-17.3590,-3.2130,,-31.3220,-31.5932,-5.8918,0.0006,0.1015,,,-3.2817,-3.7690,-4.7511,-5.5862,-5.2611,-13.0792,-13.3955,-19.6052,-12.7904,-3.1988,-3.1055,-3.6007,-2.3784,-2.5341,-20.5424,-18.1037,-18.2198,-9.2059,-10.8891,,-11.8557,-11.8260,,-12.1565,-11.8089,-10.8830,-16.9618,-29.0839,-31.8726,-12.7272,-21.2207,-18.2994,,-1.5600,-2.0748,-0.0585,,,,,-11.4062
0.3200,-23.0006,-21.5214,-21.5280,-21.1724,-24.0526,,-22.3146,-22.7590,-22.6755,-19.7681,-17.3611,-3.3263,,-31.3840,-31.6308,-6.2626,0.0021,0.0933,,,-3.3031,-3.7620,-4.7833,-5.6600,-5.2400,-13.1340,-13.5372,-19.5501,-12.6711,-3.1815,-3.0663,-3.5680,-2.2897,-2.4481,-20.6809,-18.3484,-18.4578,-9.3103,-10.8706,,-11.8188,-11.8304,,-12.1816,-11.7932,-10.8942,-16.9535,-29.0897,-31.9196,-12.7184,-21.2060,-18.2633,,-1.6200,-2.0936,-0.0620,,,,,-11.3922
0.3300,-22.9341,-21.4845,-21.4993,-21.1239,-23.9996,,-22.2872,-22.7211,-22.6362,-19.7614,-17.3633,-3.4750,,-31.4460,-31.6782,-6.6420,0.0037,0.0844,,,-3.2817,-3.7549,-4.8155,-5.7338,-5.2206,-13.1540,-13.7037,-19.4951,-12.5517,-3.1642,-3.0271,-3.5353,-2.1903,-2.3880,-20.8194,-18.5147,-18.7669,-9.4147,-10.8329,,-11.7819,-11.8349,,-12.2069,-11.7775,-10.8987,-16.9465,-29.0937,-31.9664,-12.7096,-21.1915,-18.2271,,-1.6800,-2.0876,-0.0655,,,,,-11.3781
0.3400,-22.8523,-21.4526,-21.4739,-21.0831,-23.9467,,-22.2548,-22.6832,-22.5972,-19.7547,-17.3370,-3.6887,,-31.5080,-31.7263,-7.0278,0.0053,0.0756,,,-3.2603,-3.7479,-4.8477,-5.8076,-5.2013,-13.1739,-13.8017,-19.4427,-12.4324,-3.1469,-2.9879,-3.5027,-2.0907,-2.3278,-20.9580,-18.6811,-19.0760,-9.5191,-10.7953,,-11.7598,-11.8327,,-12.1748,-11.7617,-10.9032,-16.9395,-29.0952,-32.0133,-12.7008,-21.1769,-18.1909,,-1.7160,-2.0688,-0.0690,,,,,-11.3535
0.3500,-22.7903,-21.4214,-21.4484,-21.0601,-23.8970,,-22.2214,-22.6420,-22.5582,-19.7287,-17.2965,-3.9024,,-31.5700,-31.7732,-7.4136,0.0068,0.0667,,,-3.2388,-3.7358,-4.8799,-5.8075,-5.2595,-13.3880,-13.7883,-19.3949,-12.3131,-3.1295,-2.9488,-3.4700,-2.0531,-2.2677,-21.1006,-18.8473,-19.3850,-9.6434,-10.7698,,-11.7435,-11.8162,,-12.1378,-11.7460,-10.9078,-16.9326,-29.0944,-32.0602,-12.6696,-21.1602,-18.1548,,-1.7400,-2.0500,-0.0725,,,,,-11.3236
0.3600,-22.7324,-21.3902,-21.4230,-21.0372,-23.8477,,-22.1880,-22.5990,-22.5191,-19.6987,-17.2560,-4.1161,,-31.6160,-31.8222,-7.7995,0.0084,0.0579,,,-3.2106,-3.7058,-4.9032,-5.7596,-5.3422,-13.6137,-13.7665,-19.3470,-12.2034,-3.1122,-2.9096,-3.3931,-2.0472,-2.2075,-21.2709,-19.0136,-19.6942,-9.7678,-10.7533,,-11.7273,-11.7997,,-12.1006,-11.7302,-10.9122,-16.9256,-29.0893,-32.0929,-12.6362,-21.1433,-18.1186,,-1.7640,-2.0312,-0.0760,,,,,-11.2938
0.3700,-22.6768,-21.3599,-21.3852,-21.0142,-23.7984,,-22.1580,-22.5561,-22.4806,-19.6789,-17.2155,-4.3298,,-31.6470,-31.8960,-8.1853,0.0099,0.0490,,,-3.1479,-3.6757,-4.8896,-5.7116,-5.4063,-13.7621,-13.7043,-19.2906,-12.0979,-3.0937,-2.8704,-3.3162,-2.0414,-2.1474,-21.4412,-19.1799,-19.7285,-9.8923,-10.7367,,-11.6967,-11.7832,,-12.1202,-11.7202,-10.9167,-16.9186,-29.0805,-32.1222,-12.6027,-21.1265,-18.0824,,-1.7880,-2.0124,-0.0795,,,,,-11.2640
0.3800,-22.5950,-21.3316,-21.3456,-20.9902,-23.7494,,-22.1269,-22.5106,-22.4427,-19.6759,-17.1618,-4.5436,,-31.6780,-31.9485,-8.5532,0.0114,0.0402,,,-3.0851,-3.6457,-4.8760,-5.6637,-5.3860,-13.6623,-13.6422,-19.2316,-11.9922,-3.0751,-2.8449,-3.2393,-2.0356,-2.0873,-21.6116,-19.3462,-19.7285,-9.9645,-10.7072,,-11.6598,-11.7667,,-12.1454,-11.7244,-10.9377,-16.9116,-29.0665,-32.1515,-12.5693,-21.1097,-18.0463,,-1.8120,-2.0213,-0.0830,,,,,-11.2342
0.3900,-22.5132,-21.3032,-21.3061,-20.9647,-23.7006,,-22.0945,-22.4601,-22.4048,-19.6686,-17.1074,-4.7961,,-31.7180,-31.9959,-8.8988,0.0130,0.0313,,,-3.0224,-3.6149,-4.8758,-5.6158,-5.3657,-13.5640,-13.6260,-19.1725,-11.8866,-3.0565,-2.8330,-3.1623,-2.0296,-2.0271,-21.7819,-19.5125,-19.7285,-10.0288,-10.6696,,-11.6229,-11.7502,,-12.1706,-11.7287,-10.9633,-16.9026,-29.0485,-32.1807,-12.5358,-21.0928,-18.0084,,-1.8360,-2.0840,-0.0865,,,,,-11.2043
0.4000,-22.4321,-21.2748,-21.2704,-20.9392,-23.6518,,-22.0611,-22.4096,-22.3649,-19.6580,-17.0532,-5.0500,,-31.7800,-32.0424,-9.2443,0.0146,0.0256,,,-2.9596,-3.5758,-4.9018,-5.5679,-5.3498,-13.5258,-13.6954,-19.1168,-11.7724,-3.0378,-2.8210,-3.0854,-1.9415,-1.9961,-21.8637,-19.6788,-19.7285,-10.0932,-10.6319,,-11.5860,-11.7187,,-12.1396,-11.7298,-10.9890,-16.8935,-29.0232,-32.2066,-12.5100,-21.0752,-17.9684,,-1.8600,-2.1467,-0.0900,,,,,-11.1745
0.4100,-22.3571,-21.2417,-21.2422,-20.9137,-23.5803,,-22.0273,-22.3591,-22.3169,-19.6471,-16.9965,-5.3038,,-31.8420,-32.0844,-9.5900,0.0161,0.0212,,,-2.8969,-3.5368,-4.9276,-5.5547,-5.3433,-13.4876,-13.7088,-19.0692,-11.6256,-3.0193,-2.8091,-3.0085,-1.8267,-1.9693,-21.9114,-19.8333,-19.7285,-10.1726,-10.6079,,-11.5491,-11.6602,,-12.1025,-11.7140,-10.9799,-16.8846,-28.9928,-32.1851,-12.5100,-21.0555,-17.9284,,-1.8840,-2.2000,-0.0935,,,,,-11.1446
0.4200,-22.2908,-21.2076,-21.2139,-20.8882,-23.4903,,-21.9912,-22.3161,-22.2689,-19.6355,-16.9328,-5.6216,,-31.9020,-32.1238,-9.9356,0.0177,0.0170,,,-2.8341,-3.4977,-4.9352,-5.5715,-5.3369,-13.5840,-13.6336,-19.0216,-11.4788,-3.0007,-2.7971,-2.9316,-1.7118,-1.9426,-21.9590,-19.9578,-19.7574,-10.2570,-10.5913,,-11.5122,-11.6018,,-12.0653,-11.6983,-10.9633,-16.8756,-28.9533,-32.1636,-12.5100,-21.0358,-17.8884,,-1.9120,-2.2000,-0.0970,,,,,-11.1147
0.4300,-22.2247,-21.1736,-21.1857,-20.8626,-23.4004,,-21.9552,-22.2732,-22.2209,-19.6194,-16.8690,-6.0090,,-31.9330,-32.1619,-10.5251,0.0193,0.0127,,,-2.7713,-3.4587,-4.9080,-5.5739,-5.3193,-13.7356,-13.5532,-18.9741,-11.3320,-2.9821,-2.7853,-2.8546,-1.5969,-1.9042,-22.0066,-20.0823,-19.8439,-10.3414,-10.5747,,-11.4753,-11.5512,,-12.0282,-11.6820,-10.9465,-16.8665,-28.9081,-32.1420,-12.5100,-21.0162,-17.8484,,-1.9480,,-0.1040,,,,,-11.0849
0.4400,-22.1361,-21.1395,-21.1529,-20.8371,-23.3220,,-21.9191,-22.2302,-22.1686,-19.6127,-16.8053,-6.3762,,-31.9640,-32.2044,-11.2916,0.0187,0.0084,,,-2.7086,-3.4138,-4.8808,-5.5267,-5.2766,-13.8270,-13.5204,-18.9179,-11.1852,-2.9634,-2.7733,-2.7777,-1.5347,-1.8165,-22.0543,-20.2067,-19.9306,-10.4005,-10.5582,,-11.4384,-11.5138,,-11.9910,-11.6462,-10.9299,-16.8579,-28.8518,-32.1205,-12.5100,-20.9965,-17.8085,,-1.9840,,-0.1320,,,,,-11.0550
0.4500,-22.0475,-21.1055,-21.1190,-20.8116,-23.2475,,-21.8830,-22.1772,-22.1156,-19.6187,-16.7362,-6.7287,,-31.9950,-32.2449,-11.3930,0.0161,0.0041,,,-2.6458,-3.3556,-4.8536,-5.4796,-5.2338,-13.5803,-13.5566,-18.8598,-11.0254,-2.9448,-2.7614,-2.7008,-1.5070,-1.7288,-22.1019,-20.3312,-20.0171,-10.4448,-10.5416,,-11.4015,-11.4763,,-11.9539,-11.6105,-10.9133,-16.8500,-28.7897,-32.0989,-12.5100,-20.9768,-17.7685,,-2.0200,,-0.1600,,,,,-11.0252
0.4600,-21.9605,-21.0714,-21.0852,-20.7833,-23.1728,,-21.8470,-22.1191,-22.0626,-19.5990,-16.6628,-7.0812,,-32.0260,-32.2762,-11.4943,0.0136,-0.0002,,,-2.5830,-3.2974,-4.8265,-5.4324,-5.1746,-13.3335,-13.5821,-18.8017,-10.8603,-2.9263,-2.7381,-2.6621,-1.4793,-1.6411,-22.1495,-20.4557,-20.1038,-10.4891,-10.5250,,-11.3392,-11.4222,,-11.8984,-11.5748,-10.8967,-16.8421,-28.7135,-32.0773,-12.5090,-20.9555,-17.7285,,-2.0560,,-0.1880,,,,,-10.9984
0.4700,-21.8786,-21.0374,-21.0513,-20.7527,-23.0943,,-21.8109,-22.0610,-22.0108,-19.5873,-16.5893,-7.4337,,-32.0570,-32.3003,-11.5956,0.0110,-0.0045,,,-2.5203,-3.2392,-4.7947,-5.3853,-5.1037,-13.3090,-13.5207,-18.7465,-10.6953,-2.9202,-2.6579,-2.6235,-1.4517,-1.5707,-22.1972,-20.5801,-20.1904,-10.5131,-10.5234,,-11.2609,-11.3428,,-11.8404,-11.5390,-10.8026,-16.8342,-28.6309,-32.0559,-12.5073,-20.9331,-17.6783,,-2.0920,,-0.2160,,,,,-10.9861
0.4800,-21.8074,-21.0033,-21.0174,-20.7220,-23.0158,,-21.7748,-22.0077,-21.9604,-19.5828,-16.5159,-7.7862,,-32.0880,-32.2993,-11.6970,0.0085,-0.0088,,-2.0705,-2.4575,-3.1731,-4.7546,-5.3381,-5.0328,-13.3732,-13.4594,-18.6971,-10.5302,-2.9223,-2.5777,-2.5849,-1.4216,-1.5168,-22.2179,-20.7045,-20.2769,-10.5173,-10.5279,,-11.1827,-11.2634,,-11.7825,-11.5033,-10.7013,-16.8264,-28.5313,-32.0247,-12.5055,-20.9107,-17.6249,,-2.1280,,-0.2440,,,,,-10.9738
0.4900,-21.7288,-20.9693,-20.9835,-20.6914,-22.9348,,-21.7388,-21.9640,-21.9099,-19.5721,-16.4399,-8.1205,,-32.0810,-32.2983,-11.7983,0.0060,-0.0129,,-2.0322,-2.3948,-3.0696,-4.7144,-5.2553,-4.9546,-13.3752,-13.4097,-18.6478,-10.3716,-2.9243,-2.4975,-2.5462,-1.3623,-1.4630,-22.1454,-20.8290,-20.3636,-10.5216,-10.5324,,-11.1167,-11.1753,,-11.7246,-11.4675,-10.6000,-16.8185,-28.4250,-31.9166,-12.5038,-20.8883,-17.5714,,-2.1640,,-0.2720,,,,,-10.9615
0.5000,-21.6265,-20.9352,-20.9496,-20.6592,-22.8487,,-21.7027,-21.9204,-21.8581,-19.5606,-16.3635,-8.3760,,-32.0500,-32.2770,-11.8997,0.0034,-0.0111,,-1.9939,-2.3320,-2.9662,-4.6742,-5.1676,-4.8707,-13.2167,-13.3613,-18.5984,-10.2374,-2.9264,-2.4172,-2.5076,-1.3028,-1.4091,-22.0729,-20.9151,-20.4501,-10.5180,-10.4743,,-11.0590,-11.0749,,-11.6667,-11.4005,-10.6206,-16.8106,-28.3003,-31.8085,-12.5020,-20.8658,-17.5179,,-2.2000,,-0.3000,,,,,-10.9492
0.5100,-21.5414,-20.9011,-20.9177,-20.6260,-22.7626,,-21.6666,-21.8768,-21.8000,-19.5525,-16.2871,-8.6315,,-32.0190,-32.2426,-12.0979,0.0008,-0.0094,,-1.9311,-2.2693,-2.8628,-4.6341,-5.0798,-4.7869,-13.0582,-13.3285,-18.5530,-10.1032,-2.9284,-2.3370,-2.4689,-1.2434,-1.2957,-22.0004,-20.9943,-20.5367,-10.5023,-10.3946,,-11.0015,-10.9746,,-11.6087,-11.3248,-10.6463,-16.8002,-28.1695,-31.7004,-12.5002,-20.8433,-17.4645,,-2.2000,,-0.3280,,,,,-10.9370
0.5200,-21.4545,-20.8671,-20.8867,-20.5928,-22.6637,,-21.6306,-21.8235,-21.7420,-19.5463,-16.2103,-8.8871,,-31.9760,-32.1954,-12.3921,-0.0017,-0.0076,,-1.8682,-2.2065,-2.7593,-4.5939,-4.9926,-4.6835,-13.3185,-13.3568,-18.5083,-9.9690,-2.9305,-2.2568,-2.4303,-1.1970,-1.1703,-21.9279,-21.0735,-20.6233,-10.4865,-10.3148,,-10.9556,-10.8833,,-11.4239,-11.2491,-10.6711,-16.7886,-28.0240,-31.5923,-12.4970,-20.8196,-17.4110,,-2.2000,,-0.3560,,,,,-10.9247
0.5300,-21.3590,-20.8330,-20.8556,-20.5597,-22.5490,,-21.5906,-21.7654,-21.6839,-19.5299,-16.1315,-9.1426,,-31.9140,-32.1442,-12.6864,-0.0042,-0.0058,,-1.8053,-2.1438,-2.6530,-4.5482,-4.9087,-4.5494,-13.6570,-13.3533,-18.4636,-9.8372,-2.9326,-2.1766,-2.3916,-1.1802,-1.0450,-21.8555,-21.1528,-20.7099,-10.4653,-10.2187,,-10.9187,-10.8039,,-11.2205,-11.1602,-10.5486,-16.7768,-27.8745,-31.4738,-12.4934,-20.7957,-17.3575,,-2.2000,,-0.3840,,,,,-10.9124
0.5400,-21.2698,-20.7990,-20.8240,-20.5301,-22.4350,,-21.5455,-21.7073,-21.6238,-19.5148,-16.0526,-9.3982,,-31.8520,-32.0844,-12.9807,-0.0067,-0.0040,,-1.7425,-2.0601,-2.5448,-4.4340,-4.8249,-4.3938,-13.8184,-13.2490,-18.4185,-9.7454,-2.9346,-2.0964,-2.3530,-1.1635,-0.9815,-21.7830,-21.2320,-20.7965,-10.4295,-10.1179,,-10.8817,-10.7245,,-11.0171,-11.0645,-10.4262,-16.7652,-27.7050,-31.2925,-12.4899,-20.7717,-17.3036,,-2.2000,,-0.4120,,,,,-10.9001
0.5500,-21.1811,-20.7587,-20.7902,-20.5020,-22.3217,,-21.5005,-21.6479,-21.5632,-19.5041,-15.9738,-9.5324,,-31.7800,-32.0181,-13.2749,-0.0093,-0.0022,,-1.6135,-1.9604,-2.4366,-4.3198,-4.7410,-4.2381,-13.8221,-13.1383,-18.3697,-9.6535,-2.9366,-2.0525,-2.3143,-1.1467,-0.9830,-21.7106,-21.3113,-20.9299,-10.3937,-10.0171,,-10.8004,-10.6164,-10.4815,-10.9216,-10.9687,-10.3049,-16.7535,-27.5308,-31.1113,-12.4864,-20.7477,-17.2416,,-2.2000,,-0.4400,,,,,-10.8879
0.5600,-21.0925,-20.7161,-20.7563,-20.4740,-22.2085,,-21.4557,-21.5862,-21.5026,-19.4886,-15.8935,-9.6364,,-31.6560,-31.9203,-13.5692,-0.0119,-0.0006,,-1.4730,-1.8608,-2.3283,-4.2056,-4.6571,-4.1331,-13.7853,-12.9988,-18.3210,-9.5616,-2.9387,-2.0159,-2.2622,-1.1299,-0.9845,-21.5823,-21.3905,-21.1046,-10.3520,-9.8653,,-10.6809,-10.4741,-10.4016,-10.8429,-10.8729,-10.2036,-16.7418,-27.3398,-30.9301,-12.4829,-20.7238,-17.1796,,-2.2000,,-0.4680,,,,,-10.8757
0.5700,-20.9972,-20.6735,-20.7224,-20.4459,-22.0947,,-21.4136,-21.5244,-21.4457,-19.4631,-15.8114,-9.7404,,-31.5320,-31.7983,-13.8634,-0.0144,0.0005,,-1.3398,-1.7610,-2.2131,-4.0770,-4.5532,-4.0687,-13.3512,-12.8873,-18.2722,-9.4697,-2.9333,-1.9793,-2.2100,-1.0867,-0.9860,-21.3166,-21.4697,-21.2793,-10.2761,-9.7012,,-10.5614,-10.3318,-10.3217,-10.7642,-10.7772,-10.1023,-16.7302,-27.1457,-30.7054,-12.4787,-20.6998,-17.1176,,-2.2000,,-0.4960,,,,,-10.8634
0.5800,-20.9087,-20.6334,-20.6831,-20.4178,-21.9788,,-21.3715,-21.4622,-21.3930,-19.4327,-15.7294,-9.7136,,-31.4080,-31.6730,-14.1182,-0.0169,0.0015,,-1.2305,-1.6613,-2.0901,-3.9344,-4.4290,-4.0043,-12.9146,-12.7757,-18.2232,-9.3768,-2.9103,-1.9427,-2.1578,-1.0359,-0.9875,-21.0508,-21.5490,-21.4540,-10.2002,-9.5372,,-10.4312,-10.1895,-10.2137,-10.7033,-10.6815,-10.0052,-16.7188,-26.8960,-30.4591,-12.4717,-20.6753,-17.0555,,-2.2000,,-0.4760,,,,,-10.8511
0.5900,-20.8263,-20.6021,-20.6408,-20.3898,-21.8629,,-21.3295,-21.3990,-21.3401,-19.3938,-15.6473,-9.6102,,-31.2260,-31.5122,-14.0371,-0.0195,0.0025,,-1.1212,-1.5617,-1.9672,-3.7919,-4.3047,-3.8751,-12.6560,-12.7704,-18.1628,-9.2829,-2.8873,-1.9061,-2.1056,-0.9851,-0.9890,-20.7852,-21.6282,-21.6286,-10.1232,-9.3732,,-10.2911,-10.0472,-10.0073,-10.6454,-10.5695,-9.9463,-16.7073,-26.6380,-30.2128,-12.4646,-20.6508,-16.9935,,-2.2000,,-0.4480,,,,,-10.8418
0.6000,-20.7309,-20.5709,-20.5984,-20.3617,-21.7323,,-21.2874,-21.3358,-21.2874,-19.3656,-15.5674,-9.5069,,-31.0400,-31.3281,-13.9560,-0.0220,0.0035,,-1.0120,-1.4620,-1.8442,-3.6493,-4.1805,-3.6923,-12.6527,-12.7853,-18.1023,-9.1891,-2.8644,-1.8695,-2.0534,-0.9342,-0.9905,-20.4108,-21.6847,-21.8033,-10.0072,-9.2092,,-10.1509,-9.9049,-9.8009,-10.5875,-10.4337,-9.8873,-16.6959,-26.3201,-29.9506,-12.4576,-20.6264,-16.9315,,-2.2000,,-0.4200,,,,,-10.8341
0.6100,-20.6354,-20.5397,-20.5566,-20.3336,-21.5881,,-21.2453,-21.2726,-21.2243,-19.3491,-15.4883,-9.4035,,-30.8540,-31.1442,-13.8749,-0.0245,0.0045,,-0.9170,-1.3623,-1.7223,-3.5068,-4.0562,-3.5097,-12.6493,-12.7176,-18.0419,-9.0953,-2.8414,-1.8329,-2.0012,-0.8962,-0.9878,-19.9857,-21.7204,-21.9780,-9.8913,-9.0452,,-9.9906,-9.7522,-9.5999,-10.4766,-10.2980,-9.8162,-16.6845,-25.9953,-29.6428,-12.4506,-20.6019,-16.8694,,-2.2000,,-0.3920,,,,,-10.8264
0.6200,-20.5407,-20.5065,-20.5199,-20.3055,-21.4410,,-21.2032,-21.2152,-21.1587,-19.3269,-15.4091,-9.3001,,-30.6240,-30.9216,-13.7937,-0.0271,0.0054,,-0.8553,-1.2626,-1.6024,-3.3642,-3.9320,-3.3546,-12.6460,-12.5704,-17.9833,-9.0015,-2.8185,-1.7999,-1.9490,-0.8660,-0.9574,-19.5606,-21.7561,-22.1526,-9.7754,-8.8445,,-9.8091,-9.5889,-9.4146,-10.3564,-10.1622,-9.6726,-16.6730,-25.7010,-29.3349,-12.4435,-20.5774,-16.8054,,-2.2000,,-0.3640,,,,,-10.8187
0.6300,-20.4521,-20.4725,-20.4831,-20.2775,-21.2832,,-21.1598,-21.1578,-21.0931,-19.2851,-15.3300,-9.1967,,-30.3760,-30.6788,-13.7127,-0.0297,0.0064,,-0.7936,-1.1629,-1.4825,-3.2216,-3.8077,-3.2125,-12.6426,-12.4231,-17.9295,-8.8875,-2.7955,-1.7739,-1.8968,-0.8358,-0.9270,-19.1355,-21.7918,-22.3273,-9.6230,-8.6383,,-9.6276,-9.4257,-9.2292,-10.2361,-10.0266,-9.5290,-16.6609,-25.4089,-29.0106,-12.4365,-20.5516,-16.7377,,-2.2000,,-0.3360,,,,,-10.8109
0.6400,-20.3547,-20.4384,-20.4464,-20.2494,-21.1254,,-21.1147,-21.1003,-21.0297,-19.2422,-15.2496,-9.0933,,-30.1280,-30.4247,-13.6315,-0.0322,0.0075,,-0.7320,-1.0633,-1.3626,-3.0791,-3.6835,-3.0704,-12.4907,-12.2758,-17.8758,-8.7657,-2.7725,-1.7480,-1.8446,-0.8057,-0.8965,-18.7105,-21.8275,-22.1990,-9.4671,-8.4322,,-9.4556,-9.2408,-9.0563,-10.0808,-9.8908,-9.3774,-16.6472,-25.0513,-28.6339,-12.4294,-20.5245,-16.6700,,-2.2000,,-0.3080,,,,,-10.8032
0.6500,-20.2536,-20.4044,-20.4082,-20.2213,-20.9529,,-21.0696,-21.0387,-20.9692,-19.1981,-15.1691,-8.9899,,-29.8350,-30.1512,-13.5336,-0.0323,0.0076,,-0.6702,-0.9635,-1.2427,-2.9365,-3.5214,-2.9390,-12.2126,-12.1171,-17.8221,-8.6439,-2.7495,-1.7221,-1.7925,-0.7920,-0.8632,-18.2854,-21.8694,-21.8638,-9.3111,-8.2642,,-9.2947,-9.0356,-8.9132,-9.9190,-9.7457,-9.1915,-16.6334,-24.6907,-28.2572,-12.4224,-20.4973,-16.6022,,-2.2000,,-0.2800,,,,,-10.7955
0.6600,-20.1582,-20.3703,-20.3686,-20.1884,-20.7788,,-21.0246,-20.9685,-20.9086,-19.1324,-15.0886,-8.8866,,-29.4940,-29.8581,-13.3921,-0.0319,0.0076,,-0.6086,-0.8639,-1.1256,-2.7939,-3.3424,-2.8101,-11.9572,-11.9273,-17.7795,-8.5221,-2.7265,-1.6962,-1.7824,-0.7968,-0.8076,-17.7531,-21.9116,-21.5568,-9.1394,-8.1001,,-9.1339,-8.8304,-8.7700,-9.7571,-9.5500,-9.0056,-16.6196,-24.3045,-27.8415,-12.4154,-20.4702,-16.5345,,-2.2000,,-0.2520,,,,,-10.7878
0.6700,-20.0627,-20.3362,-20.3291,-20.1552,-20.5942,,-20.9795,-20.8983,-20.8469,-19.0668,-15.0082,-8.7832,,-29.1530,-29.5414,-13.2506,-0.0316,0.0076,,-0.5469,-0.7642,-1.0093,-2.6514,-3.1677,-2.6813,-11.7797,-11.6978,-17.7399,-8.4005,-2.7036,-1.6703,-1.7724,-0.8016,-0.7521,-17.2152,-21.9538,-21.3160,-8.9633,-7.9361,,-8.9641,-8.5918,-8.5846,-9.5953,-9.3542,-8.8346,-16.6058,-23.9181,-27.4142,-12.4083,-20.4430,-16.4668,,-2.1840,,-0.2240,,,,,-10.7800
0.6800,-19.9624,-20.3022,-20.2896,-20.1220,-20.4072,,-20.9344,-20.8296,-20.7762,-18.9973,-14.9277,-8.6798,,-28.7880,-29.1941,-13.1091,-0.0313,0.0076,,-0.4853,-0.6645,-0.8931,-2.5088,-3.0334,-2.5167,-11.6021,-11.4519,-17.7003,-8.2793,-2.6868,-1.6443,-1.7624,-0.8065,-0.6964,-16.6772,-21.9960,-21.0833,-8.7873,-7.7523,,-8.7826,-8.3236,-8.3149,-9.4335,-9.1585,-8.7122,-16.5921,-23.5316,-26.9571,-12.4013,-20.4159,-16.3990,,-2.1360,,-0.1960,,,,,-10.7723
0.6900,-19.8465,-20.2608,-20.2500,-20.0889,-20.2140,,-20.8893,-20.7639,-20.7056,-18.9150,-14.8473,-8.5764,,-28.3540,-28.8349,-12.9675,-0.0309,0.0076,,-0.4235,-0.5648,-0.7768,-2.3635,-2.8993,-2.3438,-11.3557,-11.1570,-17.6542,-8.1580,-2.6701,-1.6184,-1.7523,-0.7891,-0.6633,-16.1393,-22.0383,-20.8558,-8.5978,-7.5673,,-8.6011,-8.0555,-8.0452,-9.2717,-8.9627,-8.5897,-16.5782,-23.1366,-26.4800,-12.3914,-20.3902,-16.3313,,-2.0880,,-0.1680,,,,,-10.7646
0.7000,-19.7516,-20.2154,-20.2105,-20.0583,-20.0198,,-20.8442,-20.6982,-20.6349,-18.8358,-14.7668,-8.4730,,-27.9200,-28.4479,-12.8260,-0.0306,0.0076,,-0.3845,-0.4836,-0.6653,-2.2177,-2.7491,-2.1686,-11.1027,-10.8364,-17.5931,-8.0366,-2.6534,-1.5925,-1.7423,-0.7247,-0.6368,-15.6280,-22.0804,-20.6283,-8.4018,-7.3822,,-8.4111,-7.8336,-7.7833,-9.0755,-8.7670,-8.4436,-16.5632,-22.5696,-25.9684,-12.3808,-20.3647,-16.2609,,-2.0400,,-0.1400,,,,,-10.7568
0.7100,-19.6609,-20.1700,-20.1709,-20.0277,-19.8863,,-20.7991,-20.6325,-20.5662,-18.7479,-14.6865,-8.1695,,-27.4840,-28.0295,-12.6033,-0.0303,0.0076,,-0.3873,-0.4557,-0.5564,-2.0718,-2.5360,-1.9859,-10.7536,-10.5767,-17.5321,-7.9153,-2.6367,-1.5690,-1.7323,-0.6605,-0.6102,-15.1226,-22.1226,-20.4008,-8.2057,-7.1971,,-8.2090,-7.6494,-7.5347,-8.8721,-8.5713,-8.2365,-16.5476,-22.0049,-25.4382,-12.3702,-20.3393,-16.1890,,-1.9920,,-0.1120,,,,,-10.7491
0.7200,-19.5655,-20.1260,-20.1341,-19.9971,-19.6476,,-20.7541,,-20.4980,-18.6423,-14.6063,-7.8560,,-26.9880,-27.5974,-12.1940,-0.0299,0.0076,,-0.3902,-0.4278,-0.4475,-1.9259,-2.3229,-1.8032,-10.3425,-10.3494,-17.4711,-7.7877,-2.6200,-1.5574,-1.7222,-0.5961,-0.5882,-14.6172,-22.1346,-20.1734,-8.0097,-7.0120,,-8.0068,-7.4651,-7.2860,-8.6687,-8.3573,-8.0295,-16.5320,-21.4677,-24.8802,-12.3597,-20.3138,-16.1171,,-1.9440,,-0.1120,,,,,-10.7414
0.7300,-19.4586,-20.0919,-20.1002,-19.9662,-19.3874,,,,-20.4299,-18.5357,-14.5261,-7.5424,,-26.4920,-27.1673,-11.7845,-0.0296,0.0076,,-0.3930,-0.3999,-0.3385,-1.7801,-2.1098,-1.6331,-9.9988,-10.1221,-17.4140,-7.6493,-2.6033,-1.5458,-1.7122,-0.5517,-0.6101,-14.1118,-22.0480,-19.9451,-7.8136,-6.8268,,-7.7888,-7.2569,-7.0374,-8.4483,-8.1417,-7.8155,-16.5165,-20.9282,-24.3104,-12.3491,-20.2883,-16.0453,,-1.8960,,-0.1330,,,,,-10.7335
0.7400,-19.3520,-20.0579,-20.0663,-19.9330,-19.1679,,,,-20.3618,-18.4256,-14.4460,-7.2289,,-25.9960,-26.6855,-11.2837,-0.0293,0.0076,,-0.3959,-0.3721,-0.2424,-1.6342,-1.8966,-1.4848,-9.7027,-9.6878,-17.3578,-7.5110,-2.5866,-1.5342,-1.7022,-0.5090,-0.6319,-13.6063,-21.9614,-19.6218,-7.6176,-6.5997,-6.5842,-7.5453,-7.0307,-6.7888,-8.2241,-7.9259,-7.5873,-16.5009,-20.3696,-23.7140,-12.3381,-20.2622,-15.9734,,-1.8480,,-0.1540,,,,,-10.7237
0.7500,-19.2497,-20.0238,-20.0324,-19.8998,-18.9389,,,,-20.2936,-18.3019,-14.3585,-6.9154,,-25.4500,-26.1944,-10.7511,-0.0290,0.0076,,-0.3988,-0.3442,-0.2801,-1.4979,-1.7075,-1.3365,-9.4565,-9.3002,-17.3016,-7.3727,-2.5698,-1.5227,-1.6921,-0.4662,-0.6537,-13.1086,-21.8748,-19.1829,-7.4044,-6.3725,-6.3349,-7.3019,-6.8046,-6.5401,-8.0000,-7.6945,-7.3591,-16.4853,-19.8353,-23.0905,-12.3240,-20.2326,-15.9015,,-1.8000,,-0.1750,,,,,-10.7139
0.7600,-19.1475,-19.9830,-19.9880,-19.8666,-18.7053,,,,-20.2255,-18.1714,-14.2718,-6.6019,,-24.8920,-25.6723,-10.2186,-0.0286,0.0076,,-0.4016,-0.3162,-0.3177,-1.3620,-1.5774,-1.2098,-9.1660,-8.9601,-17.2459,-7.2019,-2.5531,-1.5111,-1.6821,-0.4235,-0.6714,-12.6483,-21.7881,-18.7441,-7.1683,-6.1445,-6.0855,-7.0732,-6.5536,-6.2915,-7.7758,-7.4588,-7.1388,-16.4688,-19.4541,-22.4511,-12.3099,-20.2029,-15.8296,,-1.7400,,-0.1960,,,,,-10.7042
0.7700,-19.0452,-19.9376,-19.9428,-19.8334,-18.4649,,,,-20.1570,-18.0445,-14.2010,-6.2883,,-24.3340,-25.1393,-9.6148,-0.0283,0.0076,,-0.4045,-0.2884,-0.3554,-1.2261,-1.4473,-1.1218,-8.7967,-8.5724,-17.1985,-7.0281,-2.5364,-1.4995,-1.6713,-0.3824,-0.6402,-12.1880,-21.7015,-18.3051,-6.8973,-5.8962,-5.9023,-6.8710,-6.2855,-6.0429,-7.5516,-7.2231,-6.9317,-16.4521,-19.0256,-21.8005,-12.2958,-20.1733,-15.7577,,-1.6800,,-0.2170,,,,,-10.6944
0.7800,-18.9429,-19.8922,-19.8976,-19.8003,-18.2245,,,,-20.0838,-17.9142,,-5.9748,,-23.7400,-24.6239,-8.9880,-0.0273,0.0077,,-0.4074,-0.2605,-0.3932,-1.0902,-1.3172,-1.0338,-8.4275,-8.1848,-17.1511,-6.8542,-2.5172,-1.4879,-1.6604,-0.4287,-0.6091,-11.7278,-21.6149,-17.5415,-6.6335,-5.7177,-5.7247,-6.5991,-6.0173,-5.7942,-7.3275,-6.9873,-6.7247,-16.4354,-18.3628,-21.1122,-12.2818,-20.1437,-15.6835,,-1.6200,,-0.2380,,,,,-10.6846
0.7900,-18.8473,-19.8472,-19.8547,-19.7671,-17.9879,,,,-20.0107,-17.7594,,-5.6612,,-23.1200,-24.0611,-8.3681,-0.0262,0.0078,,-0.4103,-0.2475,-0.3917,-0.9609,-1.1871,-0.9557,-8.0204,-7.7567,-17.1038,-6.6804,-2.4967,-1.4763,-1.6496,-0.4750,-0.5779,-11.2646,-21.5283,-16.4634,-6.3974,-5.5843,-5.5176,-6.3280,-5.7364,-5.5456,-7.0531,-6.7478,-6.4999,-16.4188,-17.6859,-20.4059,-12.2677,-20.1140,-15.6092,,-1.5600,,-0.2590,,,,,-10.6748
0.8000,-18.7450,-19.8074,-19.8151,-19.7339,-17.7583,,,,-19.9374,-17.5877,,-5.3273,,-22.5000,-23.4495,-7.7769,-0.0251,0.0079,,-0.4131,-0.2521,-0.3544,-0.8840,-1.0898,-0.8881,-7.5676,-7.3618,-17.0503,-6.5066,-2.4762,-1.4455,-1.6388,-0.5214,-0.5517,-10.7922,-21.4417,-16.1987,-6.1614,-5.2940,-5.2755,-6.0845,-5.4573,-5.2970,-6.7666,-6.4721,-6.2505,-16.4021,-16.9523,-19.6841,-12.2496,-20.0828,-15.5348,,-1.5000,,-0.2800,,,,,-10.6651
0.8100,-18.6364,-19.7677,-19.7756,-19.7022,-17.5288,,,,-19.8642,-17.4167,,-4.9678,,-21.8580,-22.8254,-7.1856,-0.0239,0.0080,,,-0.2566,-0.3171,-0.8072,-1.0227,-0.8204,-7.1849,-6.9401,-16.9925,-6.2764,-2.4558,-1.4108,-1.6280,-0.5678,-0.5270,-10.3198,-21.2084,-15.1510,-5.9101,-5.0282,-5.0410,-5.8072,-5.2521,-5.0483,-6.4801,-6.2176,-6.0012,-16.3854,-16.2368,-18.9307,-12.2267,-20.0497,-15.4604,,-1.4400,,-0.3010,,,,,-10.6553
0.8200,-18.5409,-19.7280,-19.7360,-19.6741,-17.2975,,,,-19.7911,-17.2565,,-4.6084,,-21.1760,-22.2016,-6.5943,-0.0228,0.0081,,,-0.2612,-0.2799,-0.7304,-0.9555,-0.7594,-6.7896,-6.5389,-16.9347,-6.0246,-2.4354,-1.3761,-1.6171,-0.5057,-0.5025,-9.8475,-20.9752,-14.1033,-5.5939,-4.7799,-4.8339,-5.5098,-4.9941,-4.7778,-6.1936,-5.9819,-5.7322,-16.3674,-15.5823,-18.1584,-12.2038,-20.0167,-15.3861,,-1.3800,,-0.3220,,,,,-10.6482
0.8300,-18.4688,-19.6882,-19.6941,-19.6460,-17.0571,,,,-19.7179,-17.0753,,-4.2489,,-20.4940,-21.5860,-5.9007,-0.0217,0.0082,,,-0.2658,-0.2670,-0.6798,-0.8709,-0.7024,-6.3794,-6.1841,-16.8769,-5.7729,-2.4149,-1.3415,-1.6063,-0.4273,-0.4780,-9.3702,-20.7420,-13.0555,-5.2776,-4.5316,-4.5899,-5.1837,-4.7050,-4.4870,-5.9193,-5.6299,-5.4405,-16.3465,-14.9406,-17.3848,-12.1810,-19.9836,-15.3117,,-1.3200,,-0.3430,,,,,-10.6420
0.8400,-18.4022,-19.6485,-19.6518,-19.6180,-16.8167,,,,-19.6473,-16.8624,,-3.8894,,-19.8080,-20.9920,-5.1986,-0.0206,0.0084,,,-0.2703,-0.2698,-0.6344,-0.7758,-0.6455,-5.9464,-5.7082,-16.8235,-5.5212,-2.3945,-1.3068,-1.5955,-0.3488,-0.4541,-8.8662,-20.5088,-12.0078,-4.9614,-4.2574,-4.3071,-4.8904,-4.4159,-4.1962,-5.6744,-5.3229,-5.1906,-16.3256,-14.3357,-16.5997,-12.1581,-19.9506,-15.2374,,-1.2920,,-0.3640,,,,,-10.6357
0.8500,-18.2318,-19.6088,-19.6094,-19.5890,-16.5778,,,,-19.5808,-16.6690,,-3.5300,,-19.0950,-20.2568,-4.5521,-0.0194,0.0084,,,-0.2749,-0.2726,-0.6393,-0.6808,-0.6215,-5.4848,-5.2555,-16.7739,-5.2588,-2.3740,-1.2721,-1.5847,-0.2756,-0.4304,-8.3622,-19.9201,-10.9600,-4.6452,-3.9670,-3.9731,-4.5940,-4.1540,-3.9054,-5.3966,-5.0871,-4.9196,-16.3047,-13.7308,-15.7964,-12.1352,-19.9175,-15.1626,,-1.2800,,-0.3850,,,,,-10.6294
0.8600,-18.0526,-19.5690,-19.5670,-19.5583,-16.3484,,,,-19.5143,-16.4465,,-3.1705,,-18.3820,-19.4482,-4.0036,-0.0183,0.0086,,,-0.2795,-0.2755,-0.6665,-0.5957,-0.6013,-5.0487,-4.8328,-16.7244,-4.9600,-2.3535,-1.2374,-1.5742,-0.2524,-0.4066,-7.8581,-19.2841,-9.9123,-4.3086,-3.6766,-3.6779,-4.2679,-3.9003,-3.6145,-5.0982,-4.7839,-4.6279,-16.2838,-13.1258,-14.9732,-12.1273,-19.8892,-15.0865,,-1.2680,,-0.4067,,,,,-10.6232
0.8700,-17.8930,-19.5264,-19.5247,-19.5277,-16.1128,,,,-19.4477,-16.2249,,-2.8110,,-17.6690,-18.7417,-3.4551,-0.0172,0.0086,,,-0.2840,-0.2784,-0.6937,-0.5621,-0.5836,-4.6385,-4.4103,-16.6749,-4.6611,-2.3331,-1.2026,-1.5636,-0.2292,-0.3850,-7.3541,-18.5407,-8.8645,-3.9523,-3.4136,-3.4236,-3.9735,-3.6112,-3.3237,-4.7701,-4.4682,-4.3362,-16.2629,-12.5054,-14.1282,-12.1238,-19.8624,-15.0103,,-1.2560,,-0.4300,,,,,-10.6169
0.8800,-17.8521,-19.4838,-19.4823,-19.4971,-15.8724,,,,-19.3707,-16.0126,,-2.5078,,-16.9280,-18.0506,-2.9066,-0.0160,0.0088,,,-0.2886,-0.2826,-0.6798,-0.5286,-0.6352,-4.2282,-4.0067,-16.6249,-4.3622,-2.3205,-1.1855,-1.5531,-0.2059,-0.4131,-6.8330,-17.5829,-7.8168,-3.7100,-3.1723,-3.2165,-3.6782,-3.2941,-3.0579,-4.4746,-4.1524,-4.0445,-16.2420,-11.8516,-13.2618,-12.1202,-19.8354,-14.9341,,-1.2440,,-0.4533,,,,,-10.6107
0.8900,-17.7680,-19.4413,-19.4400,-19.4642,-15.6320,,,,-19.2894,-15.7379,,-2.2314,,-16.1840,-17.2700,-2.4787,,0.0089,,,-0.2931,-0.2868,-0.6580,-0.4951,-0.6867,-3.8180,-3.5881,-16.5725,-4.0733,-2.3214,-1.1860,-1.5426,-0.1827,-0.4412,-6.3093,-16.3597,-6.7690,-3.4272,-2.9662,-2.9687,-3.3521,-2.9779,-2.8046,-4.1765,-3.8079,-3.7496,-16.2204,-11.1596,-12.4198,-12.1167,-19.8085,-14.8580,,-1.2320,,-0.4766,,,,,-10.6044
0.9000,-17.6657,-19.4001,-19.3976,-19.4285,-15.3973,,,,-19.2081,-15.4822,,-1.9548,,-15.4400,-16.5008,-2.1119,,0.0089,,,-0.2977,-0.2910,-0.6363,-0.4615,-0.7353,-3.4216,,-16.5202,-3.7983,-2.3221,-1.1864,-1.5321,-0.2256,-0.4692,-5.7856,-14.8747,-5.7152,-3.0709,-2.6450,-2.6988,-3.0873,-2.7308,-2.5137,-3.8484,-3.4647,-3.4156,-16.1986,-10.3956,-11.5283,-12.1132,-19.7817,-14.7817,,-1.2200,,-0.5000,,,,,-10.5982
0.9100,-17.5634,-19.3604,-19.3552,-19.3928,-15.1678,,,,-19.1290,-15.2164,,-1.6783,,-14.6960,-15.7500,-1.7450,,,,,-0.3023,-0.2952,-0.6216,-0.4681,-0.6811,-3.1375,,-16.4680,-3.5233,-2.3229,-1.1869,-1.5215,-0.2726,-0.4857,-5.2619,-13.4208,-4.4164,-2.7478,-2.3039,-2.4075,-2.8249,-2.4260,-2.2229,-3.5525,-3.1890,-3.1071,-16.1767,-9.6562,-10.6812,-12.1095,-19.7549,-14.7056,,-1.2080,,-0.5233,,,,,-10.5919
0.9200,-17.4506,-19.3207,-19.3129,-19.3570,-14.9383,,,,-19.0508,-14.9265,,-1.4018,,-13.9520,-14.9972,-1.4346,,,,,-0.3068,-0.2984,-0.6259,-0.5094,-0.6271,-2.8642,,-16.4150,-3.2861,-2.3237,-1.1873,-1.5110,-0.3196,-0.4819,-4.7386,-12.0011,-3.2403,-2.4423,-2.0978,-2.1581,-2.4988,-2.1114,-1.9384,-3.2548,-2.8657,-2.8154,-16.1549,-8.9577,-9.8188,-12.1040,-19.7297,-14.6295,,-1.1933,,-0.5467,,,,,-10.5856
0.9300,-17.3389,-19.2809,-19.2712,-19.3253,-14.7089,,,,-18.9726,-14.7110,,-1.1281,,-13.2080,-14.2215,-1.2116,,,,,-0.3114,-0.3015,-0.6302,-0.5508,-0.5784,-2.6005,,-16.3612,-3.0694,-2.3245,-1.1877,-1.5005,-0.3665,-0.4780,-4.2381,-10.4178,-2.5187,-2.1661,-1.8615,-1.9088,-2.1727,-1.8643,-1.6898,-2.9267,-2.5112,-2.5237,-16.1331,-8.2430,-9.0508,-12.0985,-19.7044,,,-1.1733,,-0.5700,,,,,-10.5794
0.9400,-17.2366,-19.2356,-19.2316,-19.2972,-14.4794,,,,-18.8935,-14.4968,,-0.8565,,-12.4500,-13.4175,-0.9885,,,,,-0.3159,-0.3045,-0.6344,-0.5920,-0.5581,-2.3367,,-16.3074,-2.8528,-2.3252,-1.1881,-1.4900,,-0.4727,-3.7376,-8.6735,-1.7971,-1.8616,-1.6230,-1.6594,-1.8466,-1.6171,-1.4411,-2.5987,-2.1955,-2.2320,-16.1113,-7.5050,,-12.0930,-19.6792,,,-1.1533,,-0.5933,,,,,-10.5731
0.9500,-17.1286,-19.1902,-19.1921,-19.2692,-14.2499,,,,-18.8128,-14.1884,,-0.6323,,-11.6750,-12.6390,-0.7783,,,,,-0.3205,-0.3075,-0.6387,-0.6333,-0.5378,-2.0721,,-16.2537,-2.6360,-2.3260,-1.1886,,,-0.3942,-3.2371,-6.7143,-1.0756,-1.5572,-1.4168,-1.4100,-1.5206,-1.3699,-1.1925,-2.2596,-1.8985,-1.9403,-16.0856,-6.7699,,-12.0875,-19.6539,,,-1.1333,,-0.6167,,,,,-10.5668
0.9600,-17.0246,-19.1448,-19.1525,-19.2411,-14.0138,,,,-18.7320,-13.9317,,-0.4608,,-10.9000,-11.8279,-0.6039,,,,,-0.3251,-0.3106,-0.6399,-0.6746,-0.5235,-1.7999,,-16.2003,-2.4194,-2.3269,-1.1890,,,-0.3157,-2.7365,-4.7347,-0.6841,-1.3212,-1.2107,-1.2096,-1.3084,-1.1228,-0.9439,-1.8900,-1.6228,-1.6486,-16.0596,-6.0386,,-12.0820,-19.6287,,,-1.1133,,-0.6400,,,,,-10.5606
0.9700,-16.9292,-19.1097,-19.1226,-19.2099,-13.7481,,,,-18.6513,-13.7063,,,,-10.1396,-11.0289,-0.6217,,,,,-0.3296,-0.3136,-0.6399,-0.6303,-0.5235,-1.5277,,-16.1471,-2.1905,-2.3277,,,,-0.2371,,-2.8178,,-1.0851,-1.0157,-1.0406,-1.1183,-0.9366,-0.7843,-1.6151,-1.3108,-1.3863,-16.0336,-5.3503,,-12.0765,-19.6092,,,-1.1000,,-0.6633,,,,,-10.5543
0.9800,-16.8645,-19.0870,-19.0972,-19.1768,-13.5199,,,,-18.5728,-13.4868,,,,-9.4292,-10.2040,-0.5125,,,,,-0.3342,-0.3167,-0.6399,-0.5766,-0.5235,,,-16.0939,-1.9473,,,,,,,-1.9622,,,-0.8517,-0.8335,-0.7922,-0.7831,-0.6623,-1.3488,-1.0225,-1.1369,-16.0077,-4.7112,,-12.0710,-19.5984,,,-1.1000,,-0.6867,,,,,-10.5481
0.9900,-16.8032,-19.0643,-19.0718,-19.1436,-13.2901,,,,-18.4943,-13.3270,,,,,-9.3826,-0.4501,,,,,,-0.3197,,-0.5229,,,,-16.0407,-1.7039,,,,,,,-1.2571,,,-0.6877,-0.6529,-0.6033,-0.6618,-0.5402,-1.0207,-0.7868,-0.8875,-15.9817,-4.0720,,-12.0655,-19.5875,,,-1.1000,,-0.5500,,,,,-10.5418
1.0000,,,,,-13.0032,,,,-18.4158,,,,,,,-0.4669,,,,,,,,,,,,,,,,,,,,,,,,,,,,,,,,,,-12.0600,-19.5767,,,-1.1000,,-0.2000,,,,,-10.5356
