d normalized,Agassiz77,Agassiz79a,Agassiz79b,Agassiz84,CampCentury,CampIII_78,CampVI_50,Devon72,Devon73,Devon98,DYE-3,FladeIsblink06,FOXX1,FOXX2,GISP2,GRIP,GULL,HansTausen_Dome,HansTausen_Hare,Isua_10,Isua_11,Isua_12,Isua_13,Isua_14,Isunnguata_13km-10,Isunnguata_27km-11A,Isunnguata_27km-11B,Isunnguata_27km-11C,Isunnguata_27km-12A,Isunnguata_27km-12B,Isunnguata_27km-12C,Isunnguata_33km_14N,Isunnguata_33km_14SA,Isunnguata_33km_14SB,Isunnguata_33km_14W,Isunnguata_33km_15CA,Isunnguata_33km_15CB,Isunnguata_33km_15E,Isunnguata_33km_15N,Isunnguata_33km_15S,Isunnguata_46km-11A,Isunnguata_46km-11B,Isunnguata_M1-10,Isunnguata_M2-10B,Jakobshavn89A,Jakobshavn89B,Jakobshavn95D_I1,Jakobshavn95D_I2,Jakobshavn95D_T3,Jakobshavn95D_T4,Jakobshavn95D_T5,Meighen67,NEEM,NGRIP,Penny96,PrinceWales05,Renland88,SiteII,StationCentrale,Store_R30_BH19c,Store_S30,TD1_88,TD2_88,TD3_88,TD4_91a,TD4_91b,TD5_90,TD5_91,Tuto_D-11
0.0000,,,,,,,-12.7600,,,,,,,,,,,,,,,,,,,,,,,,,,,,,,,,,,-9.5962,,,,,,,,,,,,,,,,,,-27.1737,-4.8386,,,,,,-12.7000,-8.4672,-9.3024,
0.0100,,,,,-24.1204,,-12.5012,,,,,,-1.4695,-2.7108,,-31.7042,-0.9992,,,,,,,,,,,,,,,,,,,,,,,,-9.5429,,,,-4.2049,,,,,,,-22.4160,,,,,,-24.1195,-27.1619,-6.8096,,,,,-12.0972,-11.5447,-8.9366,-8.6865,
0.0200,,,,-23.9900,-24.2607,-3.8673,-13.2989,,,,,,-3.3566,-3.8130,-31.4134,-31.7395,-1.4349,,,,,,-4.7124,-4.5859,,,,,-6.3854,,,,,,,,,,-9.5884,,-9.4966,,,,-4.8749,,,,-6.1700,,,-22.9255,,,,,,-24.3898,-27.5587,-6.7975,,,,,-9.3045,-8.3852,-8.4222,-8.4741,-2.2539
0.0300,-24.1600,,,-23.5816,-24.3568,-2.5832,-13.9607,-22.8035,-23.1350,,,,-2.6180,-3.7085,-31.4340,-31.7677,-1.3808,-20.9851,-18.3915,,,,-4.7122,-4.5140,,,,,-5.6526,-5.4993,-4.4552,-4.6726,,,,,,,-9.8065,,-9.4888,,,0.3700,-5.9302,,,,-6.8486,,,-22.0320,-29.0651,-31.6338,,,,-24.6308,-27.7339,-7.1597,,,,,-7.4716,-7.1861,-8.3063,-8.4056,
0.0400,-24.2845,,,-23.2069,-24.4221,-1.5853,-14.5410,-22.8457,-23.0563,-22.4600,,,-1.7589,-3.1234,-31.4632,-31.7904,-1.2743,-20.9403,-17.8714,,,,-4.7113,-4.4306,,,,-5.8378,-5.0665,-5.1935,-4.2582,-4.7902,,,,,,,-10.0939,,-9.5012,,,0.2771,-6.9753,-11.0915,,,-7.9824,,,-20.4907,-29.0963,-31.6627,,,,-24.8086,-27.7780,-7.7246,,,,,-6.8303,-6.6902,-8.3641,-8.4641,-4.3312
0.0500,-24.3484,,,-22.7435,-24.4677,-0.8877,-15.0307,-22.9090,-23.0207,-22.5398,,,-1.4159,-2.8613,-31.4686,-31.7942,-1.1486,-20.8955,-17.3966,-3.7887,,,-4.7099,-4.3507,,,,-5.2184,-4.6066,-4.9671,-4.1268,-4.9300,,,,,,,-10.3136,,-9.5252,,,0.1482,-7.9244,-12.2139,,,-9.0145,,,-19.6660,-29.1455,-31.6794,,,-18.4777,-24.9482,-27.7800,-8.5149,,,,,-6.5406,-6.5065,-8.5047,-8.6047,
0.0600,-24.3299,,,-22.4100,-24.5027,-0.3967,-15.4488,-22.9773,-23.0058,-22.6453,,,-1.1770,-2.7205,-31.4463,-31.7695,-1.0337,-20.8433,-16.9851,-3.7361,,,-4.7073,-4.2750,,,-5.1208,-4.3537,-4.2067,-4.8349,-4.0741,-5.0704,,,-10.9525,,,-10.9546,-10.4232,,-9.5770,,,0.0326,-8.7225,-13.5036,,,-10.0615,,,-19.1721,-29.1719,-31.6739,-11.9710,-20.9034,-18.5757,-25.0380,,-9.4074,,,-2.7674,-1.9579,-6.4740,-6.4637,-8.7001,-8.8001,-5.9892
0.0700,-24.2383,,,-22.2595,-24.5322,-0.0520,-15.8080,-23.0496,-23.0020,-22.7173,-20.2541,,-1.1355,-2.6932,-31.4048,-31.7248,-0.9591,-20.7910,-16.5780,-3.6851,,,-4.6776,-4.2053,,,-4.0293,-3.6236,-3.9821,-4.7635,-4.0456,-5.2042,,,-11.0150,-10.5924,,-11.0028,-10.4771,,-9.6586,,,-0.0338,-9.3577,-14.5576,,,-11.0471,,,-18.3045,-29.1813,-31.6550,-12.1293,-20.9774,-18.6458,-25.1090,,-10.3213,,,-2.6731,-1.5534,-6.4430,-6.4350,-8.9373,-9.0373,
0.0800,-24.1900,-22.3500,-22.3000,-22.1279,-24.5598,0.0000,-16.1388,-23.0979,-23.0018,-22.7435,-20.3262,,-1.1326,-2.7928,-31.3544,-31.6716,-0.9226,-20.7388,-16.2456,-3.6364,,,-4.5457,-4.1385,,,-3.1064,-3.0253,-3.9865,-4.7064,-4.0316,-5.3405,,,-11.1025,-10.6891,,-11.0646,-10.5252,-8.9553,-9.7655,,,-0.1137,-9.9167,-15.3260,,,-11.9056,,,-17.6485,-29.1793,-31.6268,-12.2389,-21.0288,-18.6635,-25.1506,,-11.2078,,,-2.5866,-1.3109,-6.4172,-6.4113,-9.1996,-9.2996,-7.4888
0.0900,-24.1877,-22.3465,-22.2932,-21.9766,-24.5824,0.0033,-16.3681,-23.1220,-23.0017,-22.7523,-20.4279,,-1.1359,-2.8552,-31.3023,-31.6184,-0.8928,-20.6866,-15.9600,-3.5903,,,-4.3158,-4.0698,,,-2.3880,-2.7097,-4.0705,-4.6340,-4.0437,-5.4882,,,-11.1838,-10.7929,,-11.1299,-10.5861,-9.0322,-9.9152,,,-0.1711,-10.4677,-15.8651,,,-12.7319,,,-17.4410,-29.1668,-31.5964,-12.3356,-21.0751,-18.6533,-25.1788,,-12.0442,,,-2.5117,-1.1009,-6.3991,-6.3946,-9.4816,-9.5816,
0.1000,-24.1289,-22.3388,-22.2813,-21.8800,-24.5950,0.2548,,-23.1373,-23.0032,-22.7579,-20.4313,,-1.1429,-2.9096,-31.2535,-31.5674,-0.8688,-20.6343,-15.7004,-3.5474,,,-4.1222,-3.9943,,,-2.1064,-2.4858,-4.1277,-4.5475,-4.0899,-5.7004,,,-11.2672,-10.8984,,-11.1888,-10.6561,-9.1632,-10.0971,,0.0000,-0.1963,-10.9929,-16.2851,,,-13.4605,,,-17.1660,-29.1470,-31.5685,-12.4422,-21.1281,-18.6349,-25.2027,,-12.7989,,,-2.4454,-0.8433,-6.3852,-6.3818,-9.7542,-9.8541,-8.6761
0.1100,-24.0646,-22.3211,-22.2656,-21.8467,-24.5984,0.6513,,-23.1412,-23.0136,-22.7592,-20.4087,,-1.1531,-2.9888,-31.2084,-31.5213,-0.8528,-20.5821,-15.4557,-3.5081,,,-3.9880,-3.9102,,,-2.0274,-2.3014,-4.1380,-4.4922,-4.1514,-5.9561,-10.4051,,-11.3572,-11.0338,,-11.2467,-10.7302,-9.3287,-10.2934,,0.0000,-0.1949,-11.4926,-16.6282,,,-14.0429,,,-17.1650,-29.1242,-31.5450,-12.5161,-21.1690,-18.6132,-25.2239,,-13.6316,,,-2.4005,-0.5664,-6.3742,-6.3713,-9.9897,-10.0897,
0.1200,-24.0281,-22.3000,-22.2461,-21.8126,-24.6003,0.7000,,-23.1399,-23.0275,-22.7447,-20.3677,,-1.1804,-3.1470,-31.1680,-31.4813,-0.8494,-20.5299,-15.2293,-3.4730,,,-3.8958,-3.8222,,,-1.9708,-2.1765,-4.1428,-4.5353,-4.2286,-6.2118,-10.4674,,-11.4341,-11.1472,,-11.3105,-10.8094,-9.6138,-10.5035,,0.0000,-0.1705,-11.9684,-16.9253,,,-14.5420,,,-17.1160,-29.1020,-31.5263,-12.5609,-21.1996,-18.5959,-25.2431,,-14.3093,,,-2.3722,-0.3088,-6.3647,-6.3621,-10.2008,-10.3008,-9.6154
0.1300,-23.9535,-22.2676,-22.2176,-21.7833,-24.6013,0.7015,,-23.1376,-23.0347,-22.7234,-20.3357,,-1.2458,-3.4334,-31.1329,-31.4470,-0.9099,-20.4776,-15.0243,-3.4424,,,-3.8356,-3.7365,,,-1.9320,-2.1246,-4.1524,-4.6681,-4.3202,-6.4498,-10.5242,,-11.4989,-11.1873,,-11.3781,-10.8941,-9.9338,-10.7899,,0.0000,-0.1349,-12.4065,-17.1771,,,-14.9577,,,-17.0720,-29.0810,-31.5139,-12.5872,-21.2201,-18.5772,-25.2611,,-14.8651,,,-2.3471,-0.1128,-6.3547,-6.3518,-10.4118,-10.5118,
0.1400,-23.8890,-22.2237,-22.1839,-21.7600,-24.6015,0.7410,,-23.1343,-23.0340,-22.7046,-20.2935,,-1.3364,-3.7757,-31.1031,-31.4182,-1.0629,-20.4254,-14.8710,-3.4170,,,-3.7721,-3.6534,,,-1.8910,-2.1734,-4.1962,-4.7864,-4.4073,-6.6646,-10.5751,,-11.5574,-11.1685,,-11.4468,-10.9781,-10.1132,-11.1455,-11.2936,0.0000,-0.0935,-12.8370,-17.3870,,,-15.3133,,,-17.0840,-29.0626,-31.5089,-12.6090,-21.2383,-18.5581,-25.2792,,-15.3792,,,-2.3240,-0.0096,-6.3443,-6.3407,-10.6213,-10.7213,
0.1500,-23.8504,-22.1756,-22.1600,-21.7309,-24.6015,0.8155,,-23.1285,-23.0313,-22.6960,-20.2501,-16.6930,-1.4326,-4.0849,-31.0786,-31.3954,-1.2746,-20.3731,-14.7301,-3.3971,,,-3.6896,-3.5680,,,-1.8309,-2.3026,-4.2657,-4.8299,-4.4823,-6.8785,-10.6264,,-11.6205,-11.1403,,-11.4986,-11.0803,-10.2117,-11.2832,-11.4982,0.0000,-0.0538,-13.2463,-17.5797,,,-15.6396,,,-17.1600,-29.0477,-31.5082,-12.6335,-21.2587,-18.5380,-25.2975,,-15.8418,,,-2.3090,-0.0001,-6.3312,-6.3265,-10.8269,-10.9269,-10.3950
0.1600,-23.8155,-22.1292,-22.1184,-21.6825,-24.6013,0.9075,,-23.1173,-23.0276,-22.6888,-20.2131,-16.7850,-1.5379,-4.3756,-31.0591,-31.3782,-1.5088,-20.3284,-14.5710,-3.3817,,,-3.6201,-3.4909,,,-1.7692,-2.4720,-4.3029,-4.8478,-4.5490,-7.0656,-10.6702,,-11.7164,-11.1404,,-11.5213,-11.2256,-10.2808,-11.2912,-11.6733,0.0000,-0.0245,-13.6347,-17.7740,,,-15.9573,,,-17.1350,-29.0355,-31.5121,-12.6548,-21.2734,-18.5209,-25.3157,,-16.2502,,,-2.3013,-0.0004,-6.3144,-6.3083,-11.0430,-11.1430,
0.1700,-23.7678,-22.0970,-22.0713,-21.6357,-24.5943,0.9877,,-23.1039,-23.0213,-22.6604,-20.1761,-16.8768,-1.6386,-4.6576,-31.0453,-31.3664,-1.7442,-20.2761,-14.4215,,,,-3.5468,-3.4345,,,-1.7145,-2.6464,-4.3047,-4.8716,-4.6156,-7.2333,-10.6994,,-11.8183,-11.2444,,-11.5364,-11.3648,-10.3259,-11.2999,-11.7367,0.0000,-0.0100,-14.0037,-17.9718,,,-16.2492,,,-17.1130,-29.0259,-31.5214,-12.6700,-21.2803,-18.5083,-25.3341,,-16.6096,-14.5158,-0.8142,-2.3000,-0.0009,-6.2926,-6.2851,-11.2857,-11.3857,-10.8972
0.1800,-23.7167,-22.0480,-22.0248,-21.6100,-24.5763,,,-23.0913,-23.0090,-22.6355,-20.1332,-16.9521,-1.7388,-4.9125,-31.0367,-31.3600,-1.9574,-20.2239,-14.2798,-3.3686,,,-3.4495,-3.4019,,,-1.6777,-2.8308,-4.3047,-4.9373,-4.6910,-7.3852,-10.7199,,-11.8741,-11.4120,,-11.5630,-11.4361,-10.3581,-11.3524,-11.7618,0.0000,-0.0077,-14.3429,-18.1707,,,-16.5026,,,-17.1114,-29.0193,-31.5352,-12.6860,-21.2848,-18.4956,-25.3525,,-16.9244,-14.6942,-0.8575,-2.3000,-0.0018,-6.2651,-6.2567,-11.5525,-11.6525,
0.1900,-23.6884,-22.0000,-21.9828,-21.5896,-24.5542,,,-23.0785,-22.9927,-22.6242,-20.0917,-17.0256,-1.8556,-5.1756,-31.0331,-31.3588,-2.1603,-20.1716,-14.1443,-3.3575,,,-3.3553,-3.3797,,,-1.7221,-3.0225,-4.3085,-5.0436,-4.7648,-7.5106,-10.7388,,-11.8546,-11.5132,,-11.6376,-11.4400,-10.3770,-11.4845,-11.7851,0.0000,-0.0062,-14.6757,-18.3666,,,-16.7528,,,-17.1020,-29.0151,-31.5493,-12.7075,-21.2901,-18.4810,-25.3709,,-17.2092,-14.9077,-0.9023,-2.3000,-0.0029,-6.2370,-6.2278,-11.8382,-11.9382,-11.2027
0.2000,-23.6543,-21.9524,-21.9567,-21.5643,-24.5306,,,-23.0646,-22.9750,-22.6056,-20.0763,-17.0917,-1.9765,-5.4206,-31.0343,-31.3630,-2.3732,-20.1194,-14.0132,-3.3478,,,-3.2250,-3.3532,,,-1.9634,-3.2153,-4.3545,-5.1328,-4.8137,-7.6311,-10.7605,,-11.7965,-11.5650,,-11.7450,-11.4400,-10.3733,-11.6756,-11.8122,0.0000,-0.0055,-14.9918,-18.5557,,,-16.9871,,,-17.0880,-29.0135,-31.5731,-12.7271,-21.2943,-18.4677,-25.3895,,-17.4141,-15.1204,-0.9486,-2.3000,-0.0042,-6.2063,-6.1965,-12.1820,-12.2820,
0.2100,-23.6031,-21.9052,-21.9184,-21.5394,-24.5022,,,-23.0491,-22.9543,-22.5800,-20.0525,-17.1667,-2.0883,-5.6347,-31.0401,-31.3718,-2.6001,-20.0672,-13.8850,-3.3390,-3.7882,,-3.0730,-3.2947,,,-2.3485,-3.3751,-4.4304,-5.1794,-4.8384,-7.7463,-10.7854,,-11.7540,-11.6067,,-11.8065,-11.4411,-10.3450,-11.9630,-11.8461,-0.0003,-0.0046,-15.2917,-18.7418,,,-17.1958,,,-17.0713,-29.0143,-31.6003,-12.7391,-21.2967,-18.4569,-25.4081,,-17.3012,-15.3324,-0.9963,-2.3000,-0.0057,-6.1736,-6.1632,-12.6159,-12.7159,-11.4305
0.2200,-23.5540,-21.8760,-21.8800,-21.5200,-24.4692,,,-23.0313,-22.9307,-22.5549,-20.0151,-17.2362,-2.1970,-5.8385,-31.0506,-31.3854,-2.8456,-20.0149,-13.7578,-3.3305,-3.6780,,-2.9295,-3.1351,,,-2.6723,-3.4682,-4.4822,-5.2152,-4.8576,-7.8653,-10.8048,,-11.7617,-11.6362,,-11.8100,-11.4833,-10.3157,-12.1398,-11.9100,-0.0012,-0.0036,-15.5767,-18.9285,,,-17.4084,,,-17.0565,-29.0170,-31.6315,-12.7468,-21.2981,-18.4468,-25.4238,,-17.4399,-15.5436,-1.0453,-2.2953,-0.0076,-6.1390,-6.1280,-13.1436,-13.2436,
0.2300,-23.5054,-21.8390,-21.8410,-21.4836,-24.4317,,,-23.0112,-22.9094,-22.5348,-19.9807,-17.2606,-2.3120,-6.0453,-31.0657,-31.4036,-3.1179,-19.9627,-13.6515,-3.3218,-3.5724,,-2.8098,-2.9464,,,-2.8550,-3.5279,-4.5036,-5.2684,-4.8848,-7.9839,-10.8093,,-11.7885,-11.6626,,-11.8100,-11.5688,-10.3454,-12.1170,-12.0251,-0.0026,-0.0021,-15.8389,-19.1121,,,-17.6150,,,-17.0473,-29.0215,-31.6651,-12.7500,-21.2984,-18.4362,,,-18.0514,-15.7540,-1.0957,-2.2550,-0.0096,-6.1000,-6.0885,-13.7211,-13.8211,-11.5198
0.2400,-23.4543,-21.8087,-21.8020,-21.4427,-24.3849,,,-22.9891,-22.8911,-22.5204,-19.9449,-17.2795,-2.4267,-6.2368,-31.0852,-31.4259,-3.4200,-19.9104,-13.5436,-3.3124,-3.5056,,-2.7561,-2.8507,,,-2.9647,-3.5685,-4.5207,-5.3852,-4.9251,-8.1079,-10.8043,,-11.8079,-11.6838,,-11.8103,-11.6237,-10.4688,-12.0581,-12.1789,-0.0042,0.0000,-16.0968,-19.2891,,,-17.8070,,,-17.0382,-29.0274,-31.7020,-12.7500,-21.2948,-18.4257,,,-18.3419,-15.9636,-1.1473,-2.1765,-0.0120,-6.0623,-6.0505,-14.2984,-14.3984,
0.2500,-23.4057,-21.7810,-21.7760,-21.4154,-24.3320,,,-22.9651,-22.8737,-22.4990,-19.9075,-17.3256,-2.5326,-6.4043,-31.1092,-31.4533,-3.7444,-19.8657,-13.4126,-3.3018,-3.4418,-3.7966,-2.7185,-2.8433,,,-3.0423,-3.6023,-4.5506,-5.5278,-4.9745,-8.2481,-10.7960,,-11.7997,-11.6900,,-11.8203,-11.6300,-10.5945,-12.0471,-12.4098,-0.0060,0.0072,-16.3425,-19.4630,,,-18.0084,,,-17.0290,-29.0344,-31.7418,-12.7500,-21.2897,-18.4153,,,-18.5277,-16.1725,-1.2002,-2.0974,-0.0145,-6.0235,-6.0114,-14.8737,-14.9737,-11.5109
0.2600,-23.3554,-21.7500,-21.7369,-21.3900,-24.2813,,,-22.9377,-22.8548,-22.4697,-19.8732,-17.3582,-2.6475,-6.5761,-31.1379,-31.4840,-4.0825,-19.8134,-13.2826,-3.2894,-3.3813,-3.7831,-2.6782,-2.8417,,,-3.1044,-3.6349,-4.6130,-5.5812,-5.0354,-8.4009,-10.7849,,-11.7715,-11.6900,,-11.8474,-11.6300,-10.6467,-12.0655,-12.6584,-0.0078,0.0199,-16.5769,-19.6342,,,-18.2047,,,-17.0148,-29.0424,-31.7841,-12.7500,-21.2828,-18.4035,,,-18.7130,-16.3805,-1.2578,-2.0329,-0.0173,-5.9839,-5.9716,-15.4449,-15.5449,
0.2700,-23.3030,-21.7109,-21.6970,-21.3576,-24.2319,,,-22.9086,-22.8333,-22.4350,-19.8453,-17.3555,-2.7628,-6.7341,-31.1704,-31.5179,-4.4261,-19.7612,-13.1544,-3.2752,-3.3244,-3.7638,-2.6389,-2.8396,,,-3.1615,-3.6715,-4.6755,-5.4969,-5.1212,-8.5712,-10.7710,,-11.7520,-11.6900,,-11.8779,-11.6300,-10.6674,-12.1164,-12.8462,-0.0094,0.0365,-16.8020,-19.8073,,,-18.3840,,,-17.0005,-29.0510,-31.8276,-12.7500,-21.2723,-18.3880,,,-18.8798,-16.5878,-1.3218,-2.0018,-0.0204,-5.9437,-5.9312,-15.9620,-16.0620,-11.4872
0.2800,-23.2394,-21.6675,-21.6575,-21.3273,-24.1903,,,-22.8803,-22.8095,-22.4095,-19.8351,-17.3560,-2.8666,-6.8630,-31.2068,-31.5565,-4.7738,-19.7089,-13.0279,-3.2595,-3.2466,-3.7395,-2.5886,-2.8272,,,-3.2094,-3.7139,-4.7020,-5.3745,-5.1879,-8.7208,-10.7563,,-11.7500,-11.6900,,-11.9143,-11.6373,-10.6833,-12.4229,-12.9951,-0.0108,0.0535,-17.0115,-19.9871,,,-18.5681,,,-16.9911,-29.0599,-31.8729,-12.7500,-21.2612,-18.3708,,,-19.0422,-16.7942,-1.3896,-2.0090,-0.0237,-5.9000,-5.8873,-16.3817,-16.4817,
0.2900,-23.1760,-21.6381,-21.6200,-21.3055,-24.1614,,,-22.8537,-22.7829,-22.3954,-19.8281,-17.3821,-2.9729,-6.9851,-31.2470,-31.5986,-5.1344,-19.6567,-12.9031,-3.2427,-3.1773,-3.7105,-2.5201,-2.7575,,,-3.2544,-3.7462,-4.7132,-5.3392,-5.1956,-8.8480,-10.7415,,-11.7500,-11.6900,,-11.9610,-11.6622,-10.7041,-12.8608,-13.1247,-0.0117,0.0680,-17.2198,-20.1686,,,-18.7450,,,-16.9821,-29.0687,-31.9190,-12.7493,-21.2525,-18.3543,,,-19.1843,-16.9999,-1.4584,-2.0298,-0.0272,-5.8586,-5.8453,-16.7131,-16.8133,-11.4533
0.3000,-23.1126,-21.5965,-21.5850,-21.2632,-24.1364,,,-22.8266,-22.7520,-22.3716,-19.8068,-17.3944,-3.0790,-7.0961,-31.2906,-31.6426,-5.5055,-19.6045,-12.7800,-3.2249,-3.1350,-3.6775,-2.4566,-2.6434,,,-3.2935,-3.7646,-4.7234,-5.4289,-5.1755,-8.9650,-10.7222,,-11.7499,-11.6900,,-11.9974,-11.6851,-10.7308,-13.0307,-13.2435,-0.0120,0.0779,-17.4203,-20.3466,,,-18.9041,,,-16.9734,-29.0775,-31.9650,-12.7457,-21.2419,-18.3350,,,-19.3393,-17.2048,-1.5253,-2.0589,-0.0310,-5.8159,-5.8016,-17.0128,-17.1149,
0.3100,-23.0504,-21.5563,-21.5515,-21.2048,-24.1059,,,-22.7967,-22.7140,-22.3405,-19.7843,-17.3895,-3.1836,-7.1881,-31.3376,-31.6901,-5.8825,-19.5522,-12.6588,-3.2064,-3.0937,-3.6409,-2.3867,-2.5252,,,-3.3120,-3.7671,-4.7414,-5.5756,-5.1446,-9.0682,-10.6995,,-11.7338,-11.6900,,-12.0245,-11.6861,-10.7479,-13.0997,-13.3679,-0.0111,0.0800,-17.6134,-20.5232,,-18.2803,-19.0648,,,-16.9617,-29.0853,-32.0118,-12.7374,-21.2257,-18.3077,,,-19.4729,-17.4088,-1.5877,-2.0850,-0.0350,-5.7720,-5.7564,-17.2893,-17.3944,-11.4138
0.3200,-23.0036,-21.5173,-21.5303,-21.1611,-24.0608,,,-22.7622,-22.6723,-22.3163,-19.7682,-17.3802,-3.3115,-7.2754,-31.3875,-31.7364,-6.2611,-19.5000,-12.5592,-3.1874,-3.0347,-3.6013,-2.2767,-2.4369,,,-3.3103,-3.7627,-4.7749,-5.6734,-5.1114,-9.1734,-10.6782,,-11.6890,-11.6900,,-12.0489,-11.6678,-10.7500,-13.1349,-13.5477,-0.0087,0.0764,-17.7995,-20.7001,,-18.4678,-19.2163,,,-16.9514,-29.0908,-32.0586,-12.7257,-21.2077,-18.2752,,,-19.6004,-17.6121,-1.6426,-2.0984,-0.0392,-5.7268,-5.7097,-17.5343,-17.6426,
0.3300,-22.9350,-21.4800,-21.5008,-21.1209,-24.0038,,,-22.7240,-22.6319,-22.2900,-19.7617,-17.3690,-3.4626,-7.3493,-31.4395,-31.7817,-6.6407,-19.4478,-12.4615,-3.1681,-2.9799,-3.5593,-2.1588,-2.3634,,,-3.2933,-3.7542,-4.8175,-5.7348,-5.0841,-9.2744,-10.6591,,-11.6419,-11.6900,,-12.0587,-11.6427,-10.7500,-13.1491,-13.7487,-0.0051,0.0681,-17.9733,-20.8722,,-18.6878,-19.3497,,,-16.9454,-29.0949,-32.1049,-12.7153,-21.1939,-18.2437,,,-19.7312,-17.8145,-1.6873,-2.0953,-0.0437,-5.6767,-5.6580,-17.7610,-17.8720,-11.3734
0.3400,-22.8509,-21.4567,-21.4746,-21.0790,-23.9472,,,-22.6840,-22.5925,-22.2572,-19.7550,-17.3491,-3.6336,-7.4067,-31.4937,-31.8360,-7.0281,-19.3955,-12.3501,-3.1487,-2.9468,-3.5154,-2.0749,-2.2927,,,-3.2691,-3.7444,-4.8598,-5.7758,-5.0723,-9.3811,-10.6394,,-11.6111,-11.6880,,-12.0326,-11.6204,-10.7500,-13.1673,-13.8030,-0.0007,0.0558,-18.1469,-21.0347,,-18.9082,-19.4811,,,-16.9398,-29.0971,-32.1489,-12.7039,-21.1801,-18.2097,,,-19.8622,-18.0184,-1.7214,-2.0755,-0.0484,-5.6291,-5.6088,-17.9713,-18.0835,
0.3500,-22.7856,-21.4233,-21.4491,-21.0498,-23.8960,,,-22.6434,-22.5532,-22.2234,-19.7307,-17.3120,-3.8481,-7.4623,-31.5495,-31.8907,-7.4195,-19.3433,-12.2443,-3.1295,-2.9169,-3.4700,-2.0501,-2.2258,,,-3.2402,-3.7326,-4.8920,-5.7776,-5.1293,-9.5050,-10.6173,,-11.5904,-11.6713,,-11.9749,-11.5916,-10.7500,-13.3390,-13.7866,0.0040,0.0420,-18.3149,-21.1894,,-19.1158,-19.6013,,,-16.9345,-29.0966,-32.1908,-12.6792,-21.1621,-18.1679,,,-19.9758,-18.2359,-1.7495,-2.0500,-0.0534,-5.5802,-5.5585,-18.1746,-18.2855,-11.3234
0.3600,-22.7289,-21.3910,-21.4200,-21.0336,-23.8463,,,-22.6016,-22.5142,-22.1902,-19.6975,-17.2637,-4.0820,-7.5163,-31.6062,-31.9448,-7.8082,-19.2985,-12.1416,-3.1108,-2.8907,-3.4160,-2.0448,-2.1640,,,-3.2054,-3.7145,-4.9047,-5.7356,-5.2544,-9.6256,-10.5945,,-11.5679,-11.6466,,-11.9423,-11.5672,-10.7500,-13.6621,-13.7587,0.0087,0.0282,-18.4775,-21.3347,,-19.2993,-19.6855,,,-16.9266,-29.0922,-32.2305,-12.6345,-21.1437,-18.1247,,,-20.0810,-18.4708,-1.7738,-2.0245,-0.0585,-5.5303,-5.5071,-18.3639,-18.4702,
0.3700,-22.6790,-21.3599,-21.3951,-21.0176,-23.7971,,,-22.5578,-22.4762,-22.1600,-19.6791,-17.2140,-4.3071,-7.5690,-31.6638,-31.9993,-8.1877,-19.2463,-12.0396,-3.0904,-2.8685,-3.3478,-2.0418,-2.1083,,,-3.1651,-3.6888,-4.8959,-5.6815,-5.3256,-9.7346,-10.5704,,-11.5372,-11.6239,,-11.9537,-11.5601,-10.7501,-13.7695,-13.6952,0.0131,0.0161,-18.6354,-21.4692,,-19.4718,,,,-16.9182,-29.0838,-32.2665,-12.5951,-21.1295,-18.0874,,,-20.1748,-18.7173,-1.7954,-2.0047,-0.0639,-5.4793,-5.4549,-18.5332,-18.6310,
0.3800,-22.5977,-21.3302,-21.3509,-20.9903,-23.7507,,,-22.5114,-22.4395,-22.1294,-19.6759,-17.1685,-4.5322,-7.6234,-31.7210,-32.0540,-8.5415,-19.1940,-11.9357,-3.0671,-2.8441,-3.2689,-2.0372,-2.0598,,,-3.1157,-3.6550,-4.8783,-5.6323,-5.3194,-9.8091,-10.5398,,-11.4980,-11.6025,,-11.9826,-11.5600,-10.7603,-13.6756,-13.6167,0.0167,0.0074,-18.7839,-21.5935,,-19.6434,,,,-16.9120,-29.0713,-32.2979,-12.5577,-21.1149,-18.0508,,,-20.2749,-18.9726,-1.8158,-2.0082,-0.0695,-5.4232,-5.3977,-18.6829,-18.7699,-11.2578
0.3900,-22.5115,-21.3010,-21.3060,-20.9608,-23.7072,,,-22.4607,-22.4016,-22.0970,-19.6702,-17.1139,-4.7714,-7.6884,-31.7776,-32.1074,-8.8324,-19.1418,-11.8276,-3.0421,-2.8265,-3.1826,-2.0301,-2.0198,,,-3.0545,-3.6226,-4.8685,-5.5744,-5.2929,-9.8662,-10.4980,,-11.4528,-11.5777,,-11.9986,-11.5600,-10.7885,-13.5723,-13.6116,0.0191,-0.0007,-18.9335,-21.7032,,-19.8036,,,,-16.9052,-29.0535,-32.3248,-12.5209,-21.0951,-18.0153,,,-20.3767,-19.2319,-1.8361,-2.0715,-0.0754,-5.3700,-5.3440,-18.8183,-18.8927,
0.4000,-22.4287,-21.2700,-21.2691,-20.9405,-23.6571,,,-22.4085,-22.3599,-22.0639,-19.6587,-17.0562,-5.0187,-7.7582,-31.8329,-32.1577,-9.0986,-19.0896,-11.7127,-3.0166,-2.8179,-3.0924,-1.9818,-1.9909,,,-2.9969,-3.5879,-4.8878,-5.5324,-5.2653,-9.9251,-10.4560,,-11.4112,-11.5436,,-11.9806,-11.5590,-10.8081,-13.5177,-13.6926,0.0200,-0.0088,-19.0796,-21.7987,,-19.9440,,,,-16.8941,-29.0298,-32.3460,-12.5100,-21.0745,-17.9746,,,-20.4453,-19.4914,-1.8577,-2.1624,-0.0814,-5.3159,-5.2896,-18.9408,-19.0019,-11.1845
0.4100,-22.3508,-21.2474,-21.2385,-20.9101,-23.5888,,,-22.3593,-22.3137,-22.0299,-19.6473,-16.9965,-5.2723,-7.8125,-31.8859,-32.2059,-9.4008,-19.0373,-11.6103,-2.9917,-2.8105,-3.0016,-1.8653,-1.9690,,,-2.9331,-3.5488,-4.9238,-5.5329,-5.2422,-10.0025,-10.4099,,-11.3684,-11.4861,,-11.9361,-11.5477,-10.8017,-13.4807,-13.7396,0.0196,-0.0164,-19.2226,-21.8940,-19.7509,-20.0827,,,,-16.8825,-28.9993,-32.3606,-12.5100,-21.0533,-17.9338,,,-20.5164,-19.7472,-1.8820,-2.1995,-0.0877,-5.2609,-5.2348,-19.0531,-19.1012,
0.4200,-22.2944,-21.2113,-21.2197,-20.8803,-23.4955,,,-22.3159,-22.2645,-21.9942,-19.6356,-16.9344,-5.6070,-7.8626,-31.9364,-32.2506,-9.7994,-18.9851,-11.4992,-2.9687,-2.8002,-2.9137,-1.7194,-1.9438,,,-2.8543,-3.5057,-4.9432,-5.5622,-5.2195,-10.0922,-10.3522,,-11.3259,-11.4155,,-11.8872,-11.5245,-10.7797,-13.5140,-13.6472,0.0186,-0.0227,-19.3630,-21.9900,-19.8855,-20.2111,,,,-16.8747,-28.9618,-32.3679,-12.5100,-21.0369,-17.8984,,,-20.5879,-19.9945,-1.9106,-2.2000,-0.0942,-5.2049,-5.1796,-19.1677,-19.2028,-11.1118
0.4300,-22.2270,-21.1743,-21.1903,-20.8609,-23.3996,,,-22.2751,-22.2140,-21.9580,-19.6170,-16.8755,-6.0165,-7.9084,-31.9836,-32.2901,-10.5081,-18.9328,-11.3459,-2.9487,-2.7888,-2.8320,-1.5807,-1.9020,,,-2.7809,-3.4542,-4.9350,-5.5866,-5.1971,-10.1655,-10.3147,,-11.2870,-11.3628,,-11.8433,-11.4976,-10.7536,-13.7217,-13.5198,0.0169,-0.0275,-19.4967,-22.0805,-20.0882,-20.3227,,,,-16.8672,-28.9178,-32.3667,-12.5100,-21.0200,-17.8623,,,-20.6597,-20.2304,-1.9479,-2.2000,-0.1015,-5.1436,-5.1199,-19.2969,-19.3190,
0.4400,-22.1370,-21.1380,-21.1574,-20.8413,-23.3186,,,-22.2316,-22.1617,-21.9220,-19.6123,-16.8082,-6.3800,-7.9451,-32.0257,-32.3246,-11.3119,-18.8806,-11.1680,-2.9330,-2.7791,-2.7599,-1.5292,-1.8216,,,-2.7099,-3.4059,-4.9119,-5.5763,-5.1777,-10.2231,-10.3100,,-11.2490,-11.3232,,-11.8026,-11.4670,-10.7346,-13.8435,-13.5074,0.0149,-0.0293,-19.6330,-22.1596,-20.2851,-20.4319,,,,-16.8600,-28.8642,-32.3562,-12.5100,-20.9972,-17.8188,,,-20.7202,-20.4493,-1.9923,,-0.1141,-5.0858,-5.0643,-19.4436,-19.4536,-11.0477
0.4500,-22.0445,-21.1020,-21.1213,-20.8106,-23.2450,,,-22.1797,-22.1079,-21.8860,-19.6177,-16.7383,-6.7650,-7.9753,-32.0621,-32.3535,-11.4879,-18.8358,-10.9734,-2.9227,-2.7669,-2.7008,-1.5019,-1.7190,,,-2.6353,-3.3551,-4.8796,-5.5301,-5.1562,-10.2731,-10.3100,,-11.2084,-11.2799,,-11.7571,-11.4258,-10.7166,-13.6261,-13.5590,0.0125,-0.0298,-19.7681,-22.2247,-20.4646,-20.5321,,,,-16.8501,-28.8010,-32.3356,-12.5100,-20.9738,-17.7736,,,-20.7788,-20.6490,-2.0401,,-0.1352,-5.0273,-5.0085,-19.6131,-19.6130,
0.4600,-21.9551,-21.0660,-21.0843,-20.7775,-23.1730,,,-22.1193,-22.0543,-21.8500,-19.5990,-16.6646,-7.1442,,-32.0922,-32.3751,-11.5967,-18.7836,-10.7706,-2.9190,-2.7515,-2.6523,-1.4770,-1.6244,,,-2.5694,-3.3003,-4.8436,-5.4733,-5.1191,-10.3042,-10.3100,,-11.1488,-11.2205,,-11.6975,-11.3833,-10.6906,-13.3260,-13.5876,0.0099,-0.0286,-19.9021,-22.2716,-20.6178,-20.6182,,,,-16.8409,-28.7298,-32.3038,-12.5098,-20.9558,-17.7329,,,-20.8284,-20.8230,-2.0876,,-0.1627,-4.9670,-4.9516,-19.8751,-19.8705,-11.0004
0.4700,-21.8828,-21.0300,-21.0600,-20.7540,-23.0981,,,-22.0587,-22.0029,-21.8140,-19.5870,-16.5886,-7.4818,,-32.1148,-32.3885,-11.6671,-18.7313,-10.5679,-2.9196,-2.7225,-2.6090,-1.4556,-1.5592,,,-2.5048,-3.2389,-4.8090,-5.4043,-5.0382,-10.3100,-10.3042,,-11.0646,-11.1443,,-11.6336,-11.3473,-10.6057,-13.2871,-13.5449,0.0073,-0.0259,-20.0357,-22.2962,-20.7647,-20.7015,,,,-16.8348,-28.6461,-32.2598,-12.5090,-20.9372,-17.6902,,,-20.8798,-20.9702,-2.1310,,-0.1958,-4.9018,-4.8919,-20.1825,-20.1795,
0.4800,-21.8111,-21.0060,-21.0236,-20.7173,-23.0188,,,-22.0064,-21.9532,-21.7780,-19.5826,-16.5189,-7.8258,,-32.1290,-32.3930,-11.7219,-18.6791,-10.3738,-2.9212,-2.6405,-2.5697,-1.4249,-1.5109,,-2.0759,-2.4355,-3.1597,-4.7773,-5.3071,-4.9326,-10.3100,-10.2858,,-10.9765,-11.0559,,-11.5698,-11.3081,-10.4622,-13.3799,-13.4712,0.0046,-0.0225,-20.1649,-22.2947,-20.8965,-20.7769,,,,-16.8287,-28.5503,-32.2031,-12.5072,-20.9120,-17.6374,,,-20.9288,-21.0831,-2.1666,,-0.2326,-4.8268,-4.8251,-20.3725,-20.3722,-10.9666
0.4900,-21.7320,-20.9700,-20.9872,-20.6800,-22.9371,,,-21.9627,-21.9028,-21.7420,-19.5730,-16.4422,-8.1432,,-32.1340,-32.3903,-11.7843,-18.6269,-10.1967,-2.9235,-2.5312,-2.5333,-1.3622,-1.4627,,-2.0355,-2.3768,-3.0702,-4.7455,-5.2128,-4.8360,-10.3100,-10.2589,,-10.8975,-10.9558,,-11.5117,-11.2619,-10.3846,-13.4097,-13.4091,0.0022,-0.0186,-20.2988,-22.2678,-21.0072,-20.8408,,,,-16.8223,-28.4470,-32.1322,-12.5047,-20.8862,-17.5819,,,-20.9781,-21.1615,-2.1906,,-0.2719,-4.7539,-4.7616,-20.1553,-20.1553,
0.5000,-21.6260,-20.9340,-20.9517,-20.6543,-22.8544,,,-21.9218,-21.8586,-21.7006,-19.5603,-16.3647,-8.4283,,-32.1288,-32.3749,-11.8863,-18.5746,-10.0673,,-2.4476,-2.4988,-1.2951,-1.4120,,-1.9846,-2.3235,-2.9649,-4.7113,-5.1395,-4.7450,-10.3079,-10.2174,,-10.8318,-10.8531,,-11.4611,-11.1988,-10.3954,-13.2289,-13.3501,,-0.0146,-20.4335,-22.2192,-21.1113,-20.9017,,,,-16.8117,-28.3278,-32.0479,-12.5027,-20.8666,-17.5326,,,-21.0168,-21.1970,-2.1997,,-0.3122,-4.6789,-4.6972,,,-10.9372
0.5100,-21.5379,-20.8982,-20.9175,-20.6277,-22.7664,,,-21.8780,-21.8117,-21.6599,-19.5526,-16.2864,-8.7078,,-32.1120,-32.3468,-12.0647,-18.5224,-9.9597,-2.9264,-2.3616,-2.4649,-1.2349,-1.3214,,-1.9184,-2.2715,-2.8537,-4.6727,-5.0749,-4.6540,-10.2929,-10.1515,,-10.7739,-10.7494,,-11.3903,-11.1175,-10.4226,-13.0292,-13.3292,0.0000,-0.0111,-20.5694,-22.1508,-21.2029,-20.9558,,,,-16.7998,-28.1941,-31.9486,-12.5007,-20.8469,-17.4819,,,-21.0433,-21.1895,-2.2000,,-0.3519,-4.6030,-4.6327,,,
0.5200,-21.4486,-20.8633,-20.8850,-20.5878,-22.6648,,,-21.8269,-21.7531,-21.6229,-19.5464,-16.2076,-8.9891,,-32.0830,-32.3050,-12.3501,-18.4702,-9.8460,-2.9296,-2.2390,-2.4307,-1.1933,-1.1596,,-1.8523,-2.2162,-2.7458,-4.6275,-5.0043,-4.5650,-10.2685,-10.0776,,-10.7252,-10.6517,,-11.2212,-11.0277,-10.4355,-13.1951,-13.3477,-0.0022,-0.0078,-20.7069,-22.0631,-21.2779,-21.0009,,,,-16.7908,-28.0517,-31.8312,-12.4978,-20.8204,-17.4214,,,-21.0692,-21.1326,-2.2000,,-0.3898,-4.5276,-4.5688,,,-10.9114
0.5300,-21.3504,-20.8399,-20.8525,-20.5500,-22.5471,,,-21.7694,-21.6935,-21.5818,-19.5304,-16.1354,-9.2335,,-32.0412,-32.2493,-12.7173,-18.4179,-9.7437,-2.9327,-2.1339,-2.3949,-1.1758,-1.0207,,-1.7980,-2.1451,-2.6349,-4.5736,-4.9191,-4.4674,-10.2435,-9.9956,,-10.6918,-10.5758,,-10.9785,-10.9380,-10.3565,-13.6646,-13.3679,-0.0046,-0.0040,-20.8421,-21.9597,-21.3466,-21.0428,,,,-16.7812,-27.8928,-31.6969,-12.4944,-20.7934,-17.3600,,,-21.0829,-21.0366,-2.2000,,-0.4242,-4.4480,-4.5013,,,
0.5400,-21.2715,-20.8028,-20.8300,-20.5268,-22.4346,,,-21.7089,-21.6331,-21.5364,-19.5146,-16.0554,-9.4112,,-31.9854,-32.1800,-13.1187,-18.3657,-9.6504,-2.9356,-2.0830,-2.3565,-1.1634,-0.9809,,-1.7422,-2.0698,-2.5382,-4.4987,-4.8322,-4.3372,-10.2114,-9.8909,,-10.6531,-10.4969,,-10.7767,-10.8537,-10.2053,-13.8333,-13.3081,-0.0073,-0.0001,-20.9842,-21.8454,-21.4052,-21.0792,,-20.9024,,-16.7713,-27.7220,-31.5436,-12.4915,-20.7730,-17.3070,,,-21.0904,-20.9161,-2.2000,,-0.4539,-4.3769,-4.4406,,,-10.8883
0.5500,-21.1813,-20.7614,-20.7955,-20.4939,-22.3247,,,-21.6484,-21.5712,-21.4900,-19.5039,-15.9745,-9.5636,,-31.9134,-32.0928,-13.5068,-18.3134,-9.5634,-2.9380,-2.0432,-2.3143,-1.1482,-0.9818,,-1.6244,-1.9854,-2.4411,-4.3890,-4.7452,-4.1921,-10.1710,-9.7680,,-10.5857,-10.3852,-10.2397,-10.6581,-10.7592,-10.0620,-13.8297,-13.1517,-0.0099,0.0037,-21.1293,-21.7197,-21.4515,-21.1087,,-21.1584,,-16.7559,-27.5394,-31.3720,-12.4884,-20.7524,-17.2532,,,-21.0971,-20.7569,-2.2000,,-0.4772,-4.3099,-4.3827,,,
0.5600,-21.0896,-20.7142,-20.7604,-20.4617,-22.2107,,,-21.5871,-21.5100,-21.4457,-19.4892,-15.8924,-9.6958,,-31.8262,-31.9891,-13.8341,-18.2687,-9.4803,-2.9396,-2.0068,-2.2653,-1.1305,-0.9834,,-1.4700,-1.8853,-2.3408,-4.2605,-4.6540,-4.0615,-10.1206,-9.6300,,-10.4670,-10.2345,-10.1851,-10.5796,-10.6602,-9.9413,-13.8151,-13.0049,-0.0125,0.0069,-21.2777,-21.5421,-21.4922,-21.1352,,-21.4746,,-16.7408,-27.3435,-31.1806,-12.4837,-20.7248,-17.1887,,,-21.0936,-20.5582,-2.2000,,-0.4931,-4.2479,-4.3280,,,-10.8671
0.5700,-20.9914,-20.6676,-20.7230,-20.4400,-22.0960,,,-21.5249,-21.4527,-21.4033,-19.4660,-15.8087,-9.7675,,-31.7210,-31.8707,-14.0532,-18.2164,-9.3986,-2.9402,-1.9578,-2.2087,-1.0982,-0.9855,,-1.3588,-1.7929,-2.2342,-4.1317,-4.5630,-3.9508,-10.0531,-9.4649,,-10.3144,-10.0805,-10.0853,-10.5107,-10.5552,-9.8309,-13.4721,-12.8643,-0.0149,0.0086,-21.4300,-21.2611,-21.5251,-21.1574,,-21.7385,,-16.7310,-27.1284,-30.9722,-12.4787,-20.6974,-17.1229,,,-21.0717,-20.3406,-2.2000,,-0.4994,-4.1923,-4.2779,,,
0.5800,-20.9017,-20.6280,-20.6818,-20.4180,-21.9826,,,-21.4622,-21.4002,-21.3617,-19.4322,-15.7321,-9.7730,,-31.5958,-31.7332,-14.1236,-18.1642,-9.3158,-2.9353,-1.9133,-2.1471,-1.0381,-0.9878,,-1.2690,-1.6972,-2.1087,-4.0038,-4.4724,-3.8401,-9.9748,-9.2769,,-10.1780,-9.9347,-9.9669,-10.4434,-10.4433,-9.7400,-12.8344,-12.7773,-0.0169,0.0098,-21.5972,-20.9132,-21.5496,-21.1746,,-21.9405,,-16.7216,-26.8721,-30.7428,-12.4745,-20.6768,-17.0654,,,-21.0348,-20.1290,-2.2000,,-0.4956,-4.1411,-4.2315,,,-10.8470
0.5900,-20.8294,-20.5940,-20.6514,-20.3850,-21.8651,,,-21.3984,-21.3493,-21.3200,-19.3915,-15.6486,-9.7465,,-31.4534,-31.5756,-14.1008,-18.1120,-9.2443,-2.9219,-1.8859,-2.0830,-0.9816,-0.9898,,-1.1612,-1.5845,-1.9914,-3.8709,-4.3820,-3.7079,-9.8794,-9.0884,,-10.0402,-9.7834,-9.7854,-10.3875,-10.3308,-9.6788,-12.6475,-12.7725,-0.0186,0.0092,-21.7655,-20.5438,-21.5695,-21.1892,,-22.1094,,-16.7124,-26.5984,-30.4915,-12.4698,-20.6563,-17.0071,,,-20.9832,-19.9317,-2.2000,,-0.4810,-4.1007,-4.1942,,,
0.6000,-20.7327,-20.5731,-20.6046,-20.3520,-21.7340,,,-21.3346,-21.2957,-21.2783,-19.3648,-15.5668,-9.7020,,-31.2927,-31.3961,-14.0448,-18.0597,-9.1685,-2.9016,-1.8596,-2.0192,-0.9319,-0.9912,,-1.0170,-1.4810,-1.8721,-3.7337,-4.2834,-3.5474,-9.7712,-8.9074,,-9.8936,-9.6400,-9.5447,-10.3208,-10.1910,-9.6241,-12.6353,-12.7803,-0.0196,0.0052,-21.7980,-20.1373,-21.5841,-21.2007,,-22.2356,,-16.6987,-26.3404,-30.2111,-12.4631,-20.6289,-16.9383,,,-20.9104,-19.7188,-2.2000,,-0.4582,-4.0653,-4.1607,,,-10.8284
0.6100,-20.6335,-20.5410,-20.5600,-20.3300,-21.5882,,,-21.2728,-21.2353,-21.2367,-19.3503,-15.4864,-9.6342,,-31.1110,-31.2029,-13.9643,-18.0075,-9.0704,-2.8760,-1.8339,-1.9580,-0.8925,-0.9913,,-0.9082,-1.3792,-1.7526,-3.5929,-4.1764,-3.3819,-9.6464,-8.7190,,-9.7315,-9.4893,-9.3203,-10.2275,-10.0419,-9.5438,-12.6309,-12.7618,-0.0200,-0.0006,-21.7874,-19.6635,-21.5937,-21.2089,,-22.3173,,-16.6847,-26.0722,-29.9118,-12.4558,-20.6011,-16.8689,,,-20.8123,-19.5137,-2.2000,,-0.4280,-4.0329,-4.1290,,,
0.6200,-20.5373,-20.5067,-20.5201,-20.2976,-21.4415,,,-21.2150,-21.1688,-21.1943,-19.3286,-15.4063,-9.5484,,-30.9086,-30.9836,-13.8665,-17.9552,-8.9624,-2.8467,-1.7958,-1.9022,-0.8544,-0.9795,,-0.8253,-1.2713,-1.6312,-3.4491,-4.0487,-3.2336,-9.5104,-8.5014,,-9.5343,-9.3203,-9.1264,-10.1067,-9.8972,-9.4163,-12.6383,-12.6465,-0.0200,-0.0072,-21.7669,-19.4000,-21.6003,-21.2152,,-22.3680,,-16.6750,-25.8143,-29.5909,-12.4478,-20.5724,-16.8090,,,-20.6962,-19.3239,-2.2000,,-0.3926,-4.0014,-4.0973,,,-10.8118
0.6300,-20.4466,-20.4706,-20.4818,-20.2653,-21.2908,,,-21.1595,-21.1009,-21.1506,-19.2864,-15.3330,-9.4543,,-30.6840,-30.7428,-13.7590,-17.9030,-8.8445,-2.8154,-1.7577,-1.8543,-0.8148,-0.9503,,-0.7510,-1.1774,-1.4940,-3.3136,-3.8878,-3.1068,-9.3611,-8.2893,,-9.3465,-9.1408,-8.9411,-9.9610,-9.7606,-9.2658,-12.6498,-12.4915,-0.0200,-0.0135,-21.7373,,-21.6039,-21.2194,,-22.3854,,-16.6650,-25.4814,-29.2539,-12.4417,-20.5504,-16.7484,,,-20.5595,-19.1537,-2.2000,,-0.3533,-3.9663,-4.0609,,,
0.6400,-20.3608,-20.4342,-20.4563,-20.2432,-21.1279,,,-21.1025,-21.0367,-21.1056,-19.2434,-15.2514,-9.3477,,-30.4374,-30.4855,-13.6491,-17.8507,-8.7188,-2.7838,-1.7327,-1.8169,-0.7939,-0.9111,,-0.6816,-1.0848,-1.3712,-3.1767,-3.6848,-2.9827,-9.1974,-8.0899,,-9.1731,-8.9611,-8.7652,-9.8127,-9.6312,-9.1029,-12.5783,-12.3379,-0.0200,-0.0180,-21.6962,,-21.6055,-21.2219,,-22.3578,,-16.6491,-24.9531,-28.8932,-12.4352,-20.5275,-16.6870,,,-20.3862,-19.0119,-2.2000,,-0.3120,-3.9306,-4.0230,,,
0.6500,-20.2561,-20.3983,-20.4164,-20.2200,-20.9571,,,-21.0401,-20.9766,-21.0602,-19.1979,-15.1694,-9.2198,,-30.1700,-30.2057,-13.5435,-17.8060,-8.5874,-2.7535,-1.7082,-1.7925,-0.7904,-0.8693,,-0.6178,-0.9813,-1.2521,-3.0285,-3.4736,-2.8481,-9.0397,-7.9040,,-9.0122,-8.7679,-8.6232,-9.6470,-9.4720,-8.9014,-12.2914,-12.1637,-0.0200,-0.0200,-21.6445,,-21.6060,-21.2233,,-22.2721,,-16.6326,-24.7762,-28.5003,-12.4262,-20.4963,-16.6146,,,-20.1800,-18.9014,-2.2000,,-0.2702,-3.8897,-3.9791,,,-10.7965
0.6600,-20.1578,-20.3636,-20.3747,-20.1822,-20.7786,,,-20.9704,-20.9172,-21.0150,-19.1334,-15.0872,-9.0812,,-29.8786,-29.9015,-13.4393,-17.7537,-8.4522,-2.7262,-1.6845,-1.7767,-0.7958,-0.8173,,-0.5523,-0.8845,-1.1384,-2.8801,-3.2959,-2.7144,-8.8657,-7.7344,,-8.8522,-8.5423,-8.4911,-9.4658,-9.2827,-8.6909,-12.0046,-11.9661,-0.0200,-0.0186,-21.5817,,-21.5942,-21.2239,,-22.1188,,-16.6213,-24.4685,-28.0836,-12.4169,-20.4648,-16.5413,,,-19.9378,-18.8324,-2.2000,,-0.2295,-3.8418,-3.9276,,,
0.6700,-20.0614,-20.3405,-20.3323,-20.1423,-20.5937,,,-20.8983,-20.8544,-20.9700,-19.0680,-15.0052,-8.9451,,-29.5625,-29.5724,-13.3279,-17.7015,-8.3153,-2.7034,-1.6618,-1.7632,-0.8024,-0.7542,,-0.4755,-0.7735,-1.0292,-2.7323,-3.1343,-2.5759,-8.6857,-7.5725,,-8.6698,-8.3059,-8.3139,-9.3057,-9.0897,-8.5293,-11.8122,-11.7234,-0.0200,-0.0157,-21.5076,,-21.5238,-21.2234,,-21.9066,,-16.6097,-23.6608,-27.6410,-12.4097,-20.4415,-16.4779,,,-19.6628,-18.8059,-2.1980,,-0.1917,-3.7848,-3.8662,,,-10.7819
0.6800,-19.9565,-20.3031,-20.2900,-20.1157,-20.4026,,,-20.8290,-20.7861,-20.9250,-18.9974,-14.9307,-8.7907,,-29.2264,-29.2256,-13.2019,-17.6493,-8.2012,-2.6841,-1.6303,-1.7515,-0.8078,-0.6986,,-0.4160,-0.6473,-0.9098,-2.5857,-2.9915,-2.4257,-8.4986,-7.3963,,-8.4918,-8.0310,-8.0402,-9.1478,-8.8805,-8.4103,-11.6314,-11.4521,-0.0200,-0.0115,-21.4250,,-21.3948,-21.1829,,-21.6542,,-16.5980,-23.3469,-27.1761,-12.4024,-20.4186,-16.4141,,,-19.3484,-18.8117,-2.1815,,-0.1583,-3.7099,-3.7797,,,
0.6900,-19.8526,-20.2602,-20.2617,-20.0900,-20.2077,,,-20.7621,-20.7140,-20.8800,-18.9142,-14.8487,-8.6311,,-28.8659,-28.8511,-13.0535,-17.5970,-8.0886,-2.6660,-1.6018,-1.7414,-0.8009,-0.6591,,-0.3809,-0.5500,-0.8014,-2.4406,-2.8784,-2.2653,-8.3027,-7.1985,,-8.3069,-7.7411,-7.7290,-8.9665,-8.6780,-8.2909,-11.4226,-11.1556,-0.0200,-0.0070,-21.3279,,-21.1973,-21.0366,,-21.3337,,-16.5800,-23.1998,-26.6867,-12.3924,-20.3890,-16.3392,,,-18.9931,-18.8276,-2.1481,,-0.1311,-3.5807,-3.6077,,,-10.7671
0.7000,-19.7538,-20.2100,-20.2187,-20.0536,-20.0281,,,-20.6966,-20.6420,-20.8350,-18.8372,-14.7668,-8.4801,,-28.4819,-28.4581,-12.8753,-17.5448,-7.9572,-2.6488,-1.5853,-1.7324,-0.7521,-0.6240,,-0.3729,-0.4878,-0.6837,-2.2947,-2.7756,-2.1031,-8.1129,-7.0004,,-8.1003,-7.5065,-7.4635,-8.7779,-8.4749,-8.1379,-11.1772,-10.8476,-0.0200,-0.0043,-21.2189,,-20.9451,-20.8050,,-20.9638,,-16.5618,-22.9115,-26.1776,-12.3812,-20.3605,-16.2639,,,-18.5867,-18.8507,-2.1015,,-0.1115,-3.3469,-3.3324,,,
0.7100,-19.6629,-20.1598,-20.1766,-20.0182,-19.8959,,,-20.6431,-20.5723,-20.7900,-18.7497,-14.6854,-8.2881,,-28.0742,-28.0394,-12.6455,-17.4925,-7.8335,-2.6322,-1.5709,-1.7242,-0.6744,-0.5975,,-0.3710,-0.4507,-0.5400,-2.1474,-2.6495,-1.9454,-7.9049,-6.8222,,-7.9017,-7.3257,-7.2182,-8.5721,-8.2661,-7.9303,-10.8580,-10.5907,-0.0200,-0.0013,-21.0974,,-20.6618,-20.5301,,-20.5724,,-16.5492,-22.2642,-25.6503,-12.3724,-20.3394,-16.1986,,,-18.1365,-18.8774,-2.0455,,-0.1016,-3.0596,-3.0158,,,-10.7515
0.7200,-19.5641,-20.1300,-20.1377,-19.9945,-19.6564,,,,-20.5039,-20.7450,-18.6419,-14.6050,-8.0442,,-27.6440,-27.6028,-12.2752,-17.4403,-7.7154,-2.6160,-1.5537,-1.7164,-0.5921,-0.5872,,-0.3694,-0.4272,-0.3937,-2.0001,-2.4393,-1.7885,-7.7030,-6.6441,,-7.6936,-7.1477,-6.9588,-8.3428,-8.0491,-7.7116,-10.4335,-10.3743,-0.0206,0.0000,-20.9635,,-20.3180,-20.2032,,-20.1987,,-16.5365,-21.5859,-25.0882,-12.3631,-20.3181,-16.1328,,,-17.6522,-18.9046,-1.9836,,-0.1010,-2.7722,-2.7168,,,
0.7300,-19.4543,-20.0928,-20.1023,-19.9573,-19.3789,,,,-20.4359,,-18.5371,-14.5313,-7.7778,,-27.1925,-27.1300,-11.8135,-17.3881,-7.5989,-2.5999,-1.5397,-1.7087,-0.5389,-0.6005,,-0.3684,-0.4072,-0.2716,-1.8538,-2.1601,-1.6236,-7.5079,-6.4383,-6.4173,-7.4703,-6.9331,-6.6975,-8.1268,-7.8255,-7.4933,-10.0375,-10.1020,-0.0221,0.0000,-20.8217,,-19.9373,-19.8659,,,,-16.5236,-21.1813,-24.5053,-12.3501,-20.2891,-16.0554,,,-17.0925,-18.9294,-1.9197,,-0.1070,-2.5254,-2.4825,,,-10.7343
0.7400,-19.3445,-20.0588,-20.0678,-19.9187,-19.1647,,,,-20.3678,,-18.4277,-14.4474,-7.4539,,-26.7169,-26.6615,-11.3334,-17.3358,-7.4801,-2.5836,-1.5318,-1.7006,-0.4852,-0.6300,,-0.3676,-0.3825,-0.2332,-1.7098,-1.9245,-1.4341,-7.3060,-6.1989,-6.2231,-7.2225,-6.7179,-6.4537,-7.9051,-7.6136,-7.2546,-9.7522,-9.7268,-0.0243,0.0000,-20.6622,,-19.5498,-19.5284,,,,-16.5039,-20.3265,-23.8936,-12.3365,-20.2584,-15.9775,,,-16.4743,-18.9479,-1.8574,,-0.1174,-2.4454,-2.8153,,,
0.7500,-19.2399,-20.0228,-20.0300,-19.8925,-18.9364,,,,-20.3001,,-18.3027,-14.3572,-7.1036,,-26.2117,-26.1580,-10.8096,-17.2836,-7.3547,-2.5669,-1.5242,-1.6919,-0.4282,-0.6596,,-0.3672,-0.3519,-0.2610,-1.5673,-1.7471,-1.2396,-7.0999,-5.9625,-5.9522,-6.9534,-6.4894,-6.2100,-7.6645,-7.3762,-7.0140,-9.5135,-9.3279,-0.0270,0.0000,-20.4895,,-19.1130,-19.1018,,,,-16.4840,-19.7397,-23.2588,-12.3261,-20.2345,-15.9104,,,-15.8020,-18.9579,-1.7999,,-0.1322,-4.3258,-5.1171,,,-10.7144
0.7600,-19.1500,-19.9806,-20.0006,-19.8662,-18.6996,,,,-20.2321,,-18.1703,-14.2703,-6.7643,,-25.6946,-25.6300,-10.2511,-17.2388,-7.2187,-2.5495,-1.5165,-1.6821,-0.3945,-0.6726,,-0.3679,-0.3135,-0.3158,-1.4199,-1.5940,-1.0905,-6.8491,-5.7530,-5.7362,-6.7327,-6.2255,-5.9473,-7.4462,-7.1312,-6.8003,-9.2055,-8.9464,-0.0300,0.0000,-20.3030,,-18.6571,-18.6082,,,,-16.4708,-19.6218,-22.6096,-12.3152,-20.2099,-15.8430,,,-15.0600,-18.8949,-1.7406,,-0.1506,,,,,
0.7700,-19.0447,-19.9315,-19.9515,-19.8269,-18.4649,,,,-20.1625,,-18.0438,-14.1950,-6.3886,,-25.1545,-25.0840,-9.6565,-17.1866,-7.0949,-2.5311,-1.5082,-1.6716,-0.3837,-0.6564,,-0.3813,-0.2733,-0.3736,-1.2728,-1.4584,-0.9941,-6.5731,-5.5754,-5.5632,-6.5306,-5.9401,-5.6843,-7.2293,-6.9038,-6.5995,-8.8170,-8.5686,-0.0330,0.0000,-20.1029,,-18.2155,-18.0862,,,,-16.4576,-19.4378,-21.9444,-12.2998,-20.1762,-15.7642,,,-14.2516,-18.6458,-1.6729,,-0.1721,,,,,-10.6927
0.7800,-18.9403,-19.8814,-19.9014,-19.7870,-18.2298,,,,-20.0904,,-17.9153,-14.1518,-6.0138,,-24.5972,-24.5208,-9.0216,-17.1343,-6.9578,-2.5098,-1.4931,-1.6609,-0.4181,-0.6195,,-0.4000,-0.2497,-0.4105,-1.1347,-1.3378,-0.9124,-6.3021,-5.3845,-5.3818,-6.2613,-5.6657,-5.4406,-6.9768,-6.6646,-6.3816,-8.4221,-8.1846,-0.0357,0.0000,-19.8957,,-17.7074,-17.4766,,,-16.1040,-16.4444,-18.3507,-21.2579,-12.2831,-20.1418,-15.6852,,,-13.3796,-18.2062,-1.6005,,-0.1960,,,,,
0.7900,-18.8425,-19.8500,-19.8555,-19.7604,-17.9909,,,,-20.0166,,-17.7597,,-5.6770,,-24.0209,-23.9270,-8.3992,-17.0821,-6.7681,-2.4849,-1.4744,-1.6500,-0.4777,-0.5807,,-0.4065,-0.2454,-0.4007,-1.0146,-1.2363,-0.8049,-6.0560,-5.1674,-5.1621,-5.9853,-5.3835,-5.1991,-6.7029,-6.4172,-6.1421,-8.0169,-7.7910,-0.0379,0.0000,-19.6674,,-17.0425,-16.8178,,,-15.1248,-16.4242,-17.7930,-20.5437,-12.2696,-20.1155,-15.6171,,,-12.4937,-17.6311,-1.5274,,-0.2218,,,,,-10.6714
0.8000,-18.7363,-19.8068,-19.8131,-19.7223,-17.7597,,,,-19.9425,,-17.5864,,-5.3511,,-23.4253,-23.3244,-7.8158,-17.0299,-6.5379,-2.4577,-1.4546,-1.6391,-0.5373,-0.5520,,-0.4088,-0.2479,-0.3591,-0.9168,-1.1433,-0.6375,-5.8203,-4.8832,-4.9204,-5.7267,-5.0989,-4.9400,-6.4118,-6.1306,-5.8991,-7.6016,-7.3705,-0.0394,0.0000,-19.4247,,-16.2603,-16.1088,,,-13.8683,-16.4034,-17.2622,-19.8090,-12.2543,-20.0887,-15.5487,,,-11.5488,-16.9439,-1.4576,,-0.2489,,,,,
0.8100,-18.6402,-19.7651,-19.7858,-19.6870,-17.5293,,,,-19.8685,,-17.4183,,-4.9854,,-22.8134,-22.7058,-7.2415,-16.9776,-6.2750,-2.4296,-1.4258,-1.6282,-0.5716,-0.5270,,,-0.2516,-0.3085,-0.8329,-1.0569,-0.4913,-5.5598,-4.5989,-4.6873,-5.4552,-4.8923,-4.6768,-6.1257,-5.8728,-5.6556,-7.1806,-6.9616,-0.0400,0.0000,-19.1669,,-15.2924,-15.1579,,,-12.5973,-16.3890,-16.3873,-19.0550,-12.2272,-20.0513,-15.4686,,,-10.4844,-16.1914,-1.3952,,-0.2767,,,,,-10.6529
0.8200,-18.5379,-19.7238,-19.7441,-19.6651,-17.2950,,,,-19.7941,,-17.2589,,-4.6044,,-22.1867,-22.0702,-6.6365,-16.9254,-5.9895,-2.4020,-1.3712,-1.6172,-0.5442,-0.5032,,,-0.2557,-0.2700,-0.7613,-0.9690,-0.4550,-5.2591,-4.3417,-4.4708,-5.1509,-4.6455,-4.4131,-5.8417,-5.6208,-5.3688,-6.7802,-6.5790,-0.0399,0.0000,-18.8941,,-14.2159,-14.0343,,,-11.3889,-16.3740,-15.7355,-18.2802,-12.1951,-20.0126,-15.3881,,,-9.2460,-15.4053,-1.3441,,-0.3047,,,,,
0.8300,-18.4690,-19.6822,-19.7007,-19.6438,-17.0525,,,,-19.7207,,-17.0765,,-4.2458,,-21.5460,-21.4175,-5.9022,-16.8731,-5.6917,,-1.3118,-1.6063,-0.4424,-0.4791,,,-0.2597,-0.2594,-0.7004,-0.8421,-0.4550,-4.9300,-4.0948,-4.2212,-4.8241,-4.3355,-4.1300,-5.5536,-5.2544,-5.0634,-6.3911,-6.1611,-0.0398,0.0000,-18.6155,,-13.1272,-12.8549,,,-10.3092,-16.3500,-15.0803,-17.5049,-12.1712,-19.9833,-15.3189,,,-7.9070,-14.6242,-1.3085,,-0.3322,,,,,-10.6367
0.8400,-18.3967,-19.6545,-19.6556,-19.6112,-16.8086,,,,-19.6504,,-16.8634,,-3.8575,,-20.8901,-20.7310,-5.1322,-16.8209,-5.3920,-2.3763,-1.2732,-1.5954,-0.3439,-0.4506,,,-0.2629,-0.2615,-0.6446,-0.6428,-0.4550,-4.6056,-3.8563,-3.9145,-4.5300,-4.0469,-3.8223,-5.3080,-4.9623,-4.8022,-5.9717,-5.6878,-0.0394,0.0000,-18.3120,,-11.9193,-11.5169,,,-9.2217,-16.3248,-14.3930,-16.7138,-12.1509,-19.9547,-15.2495,,,-6.5476,-13.8630,-1.2878,,-0.3587,,,,,
0.8500,-18.2264,-19.6127,-19.6102,-19.5770,-16.5770,,,,-19.5845,,-16.6673,,-3.4767,,-20.2229,-20.0660,-4.4891,-16.7761,-5.0999,-2.3538,-1.2387,-1.5847,-0.2797,-0.4196,,,-0.2660,-0.2652,-0.6232,-0.4840,-0.4550,-4.2834,-3.5794,-3.5859,-4.2105,-3.7870,-3.5140,-5.0363,-4.7254,-4.5406,-5.5409,-5.2220,-0.0389,0.0000,-17.9929,,-10.6888,-10.1370,,,-8.1925,-16.3073,-13.6064,-15.8955,-12.1328,-19.9186,-15.1684,,,-5.3094,-13.0169,-1.2725,,-0.3834,,,,,-10.6211
0.8600,-18.0477,-19.5700,-19.5800,-19.5536,-16.3540,,,,-19.5200,,-16.4486,,-3.1393,,-19.5431,-19.3659,-3.8965,-16.7239,-4.8557,-2.3361,-1.2108,-1.5740,-0.2388,-0.3948,,,-0.2695,-0.2693,-0.6483,-0.4629,-0.4550,-3.9255,-3.2285,-3.2921,-3.8837,-3.5182,-3.2273,-4.7106,-4.4226,-4.2505,-5.0958,-4.8209,-0.0381,0.0001,-17.6574,,-9.5359,-8.8395,,,-7.2772,-16.2896,-13.0653,-15.0586,-12.1256,-19.8854,-15.0870,,,-4.4733,-12.0518,-1.2602,,-0.4066,,,,,
0.8700,-17.8973,-19.5254,-19.5350,-19.5298,-16.1171,,,,-19.4521,,-16.2252,,-2.7966,,-18.8517,-18.6463,-3.3457,-16.6716,-4.5999,-2.3244,-1.1921,-1.5634,-0.2110,-0.3850,,,-0.2727,-0.2730,-0.6829,-0.4899,-0.4550,-3.5897,-2.9490,-3.0307,-3.5950,-3.2195,-2.9381,-4.3837,-4.1161,-3.9415,-4.6601,-4.4288,-0.0371,0.0006,-17.3057,,-8.4137,-7.5822,,,-6.4121,-16.2717,-12.6731,-14.2083,-12.1221,-19.8615,-15.0171,,,-3.6569,-11.0138,-1.2499,,-0.4316,,,,,
0.8800,-17.8527,-19.4798,-19.4900,-19.4926,-15.8734,,,,-19.3767,,-16.0075,,-2.4812,,-18.1522,-17.9214,-2.8533,-16.6194,-4.2848,-2.3202,-1.1853,-1.5528,-0.1914,-0.4035,,,-0.2758,-0.2765,-0.6962,-0.5147,-0.4629,-3.3395,-2.7204,-2.8081,-3.3051,-2.9025,-2.6609,-4.0950,-3.7920,-3.6403,-4.2528,-4.0134,-0.0358,0.0018,-16.9315,,-7.2836,-6.3340,,,-5.5468,-16.2449,-12.1008,-13.3467,-12.1195,-19.8386,-14.9469,,,-3.2868,-9.9325,-1.2406,,-0.4593,,,,,-10.6060
0.8900,-17.7715,-19.4348,-19.4450,-19.4528,-15.6299,,,,-19.2943,,-15.7369,,-2.2098,,-17.4438,-17.2011,-2.4213,-16.5672,-3.9677,-2.3203,-1.1854,-1.5422,-0.1824,-0.4424,,,-0.2793,-0.2797,-0.6788,-0.5042,-0.4922,-3.0602,-2.5056,-2.5754,-2.9768,-2.5931,-2.3972,-3.7812,-3.4349,-3.3543,-3.8351,-3.5967,-0.0342,0.0033,-16.1046,,-6.2442,-5.2165,,,-4.7340,-16.2185,-11.4113,-12.4765,-12.1165,-19.8087,-14.8765,,,-2.7349,-8.8462,-1.2314,,-0.4891,,,,,
0.9000,-17.6604,-19.3917,-19.3998,-19.4239,-15.3930,,,,-19.2109,,-15.4783,,-1.9292,,-16.7238,-16.4680,-2.0322,-16.5149,-3.6569,-2.3203,-1.1854,-1.5317,-0.1939,-0.4770,,,-0.2824,-0.2828,-0.6481,-0.4457,-0.5166,-2.6885,-2.2218,-2.3094,-2.6900,-2.3272,-2.1144,-3.4543,-3.0871,-3.0292,-3.4254,-3.2456,-0.0323,0.0052,-14.6129,,-5.3394,-4.3285,,,-4.0171,-16.2010,-10.6130,-11.6080,-12.1131,-19.7793,-14.7942,,,-2.2420,-7.7927,-1.2213,,-0.5199,,,,,-10.5917
0.9100,-17.5549,-19.3642,-19.3544,-19.3804,-15.1622,,,,-19.1309,,-15.2199,,-1.6548,,-15.9986,-15.6987,-1.6927,-16.4627,-3.3604,-2.3205,-1.1855,-1.5212,-0.2282,-0.4869,,,-0.2856,-0.2859,-0.6247,-0.3967,-0.5121,-2.3484,-1.9020,-2.0031,-2.4293,-2.0254,-1.8180,-3.1600,-2.8026,-2.7009,-3.0793,,-0.0300,0.0073,-12.7038,,-4.2996,-3.6032,,,-3.3050,-16.1835,-9.8383,-10.7286,-12.1088,-19.7495,-14.7115,,,-1.7089,-6.8024,-1.2094,,-0.5510,,,,,
0.9200,-17.4377,-19.3229,-19.3093,-19.3400,-14.9390,,,,-19.0527,,-14.9308,,-1.4005,,-15.2543,-14.9443,-1.4101,-16.4105,-3.0862,-2.3208,-1.1858,-1.5107,-0.2923,-0.4849,,,-0.2891,-0.2891,-0.6215,-0.4080,-0.4871,-2.0631,-1.6331,-1.7394,-2.1032,-1.7129,-1.5228,-2.8423,-2.4707,-2.3958,-2.7722,,,0.0093,-10.6615,,-3.2213,-3.0698,,,-2.6410,-16.1658,-9.1296,-9.8258,-12.1050,-19.7260,-14.6405,,,-1.1203,-5.9170,-1.1939,,-0.5813,,,,,-10.5782
0.9300,-17.3394,-19.2800,-19.2800,-19.3166,-14.7157,,,,-18.9747,,-14.7134,,-1.1321,,-14.5152,-14.1629,-1.1725,-16.3582,-2.8355,-2.3213,-1.1864,-1.5002,-0.3611,-0.4806,,,-0.2923,-0.2926,-0.6259,-0.4617,-0.4587,-1.7786,-1.3670,-1.4972,-1.7500,-1.4518,-1.2630,-2.5161,-2.1051,-2.1100,-2.4802,,,,-8.8185,,-2.2709,-2.6085,,,-2.0602,-16.1385,-8.4073,-8.9086,-12.1011,-19.7016,-14.5930,,,-0.8086,-5.0964,-1.1713,,-0.6099,,,,,
0.9400,-17.2346,-19.2300,-19.2354,-19.2950,-14.4841,,,,-18.8953,,-14.4964,,-0.8387,,-13.7709,-13.3806,-0.9637,-16.3060,-2.5957,-2.3220,-1.1869,-1.4898,,-0.4731,,,-0.2954,-0.2958,-0.6320,-0.5137,-0.4313,-1.4619,-1.1512,-1.2494,-1.4195,-1.1900,-1.0191,-2.1930,-1.7990,-1.8236,-2.2077,,,,-7.2953,,-1.4396,-2.1446,,,-1.4882,-16.1100,-7.6795,-7.9729,-12.0953,-19.6697,,,,-0.7886,-4.2996,-1.1449,,-0.6363,,,,,-10.5657
0.9500,-17.1232,-19.1773,-19.1912,-19.2634,-14.2552,,,,-18.8143,,-14.1911,,-0.6314,,-13.0261,-12.5940,-0.7611,-16.2537,-2.4029,-2.3230,-1.1875,-1.4795,,-0.4367,,,-0.2989,-0.2989,-0.6374,-0.5466,-0.4037,-1.1515,-0.9912,-0.9833,-1.0878,-0.9418,-0.7696,-1.8253,-1.4970,-1.5162,-1.9447,,,,-6.0161,,-0.8937,-1.7183,,,-0.9516,-16.0902,-6.9526,-7.0629,-12.0893,-19.6411,,,,-0.7947,-3.5314,-1.1205,,-0.6590,,,,,
0.9600,-17.0151,-19.1328,-19.1519,-19.2300,-14.0138,,,,-18.7328,,-13.9323,,-0.4687,,-12.2806,-11.8077,-0.6115,-16.2090,-2.2178,-2.3244,-1.1883,,,-0.3566,,,-0.3010,-0.3020,-0.6398,-0.5716,-0.3909,-0.9017,-0.7440,-0.7773,-0.8862,-0.6985,-0.5050,-1.4582,-1.2108,-1.2138,-1.7131,,,,-4.8078,,-0.7122,-1.3635,,,-0.5923,-16.0697,-6.2500,-6.1025,-12.0847,-19.6231,,,,-0.8056,-2.8069,-1.1042,,-0.6778,,,,,-10.5544
0.9700,-16.9211,-19.0993,-19.1187,-19.2057,-13.7460,,,,-18.6521,,-13.7041,,-0.3771,,-11.5306,-11.0070,-0.6170,-16.1567,-2.0056,-2.3262,-1.1893,,,-0.2499,,,,-0.3052,-0.6399,-0.5836,-0.3986,-0.6795,-0.5210,-0.5973,-0.6968,-0.4963,-0.3386,-1.1878,-0.9103,-0.9370,-1.5293,,,,-3.6737,,-0.6531,-1.0475,,,-0.5778,-16.0488,-5.5173,-5.3954,-12.0797,-19.6097,,,,-0.8200,-2.1319,-1.1000,,-0.6911,,,,,
0.9800,-16.8642,-19.0803,-19.0988,-19.1675,-13.5178,,,,-18.5726,,-13.4858,,,,-10.7787,-10.1894,-0.5217,-16.1045,-1.8054,-2.3284,,,,,,,,-0.3087,-0.6399,-0.5700,-0.4225,-0.4950,-0.4067,-0.3880,-0.3409,-0.3488,-0.2214,-0.9077,-0.6076,-0.6940,-1.4404,,,,-2.6566,,-0.6145,-0.8042,,,,-16.0164,-4.7926,,-12.0728,-19.5947,,,,-0.8274,-1.5241,-1.1000,,-0.6986,,,,,-10.5443
0.9900,-16.8030,-19.0569,-19.0724,-19.1276,-13.2847,,,,-18.4939,,-13.3280,,,,-10.0283,-9.3732,-0.4831,-16.0522,-1.6179,,,,,,,,,-0.3119,-0.6399,-0.5243,-0.4488,,-0.2629,-0.2035,-0.1388,-0.2330,-0.1075,-0.6087,-0.3779,-0.4717,,,,,-1.6975,,-0.5907,-0.6544,,,,-15.9829,-4.0752,,-12.0657,-19.5829,,,,-0.8222,-0.9804,-1.1000,,-0.5996,,,,,
1.0000,-16.7490,-19.0400,-19.0500,-19.1000,-13.0700,,,,-18.4288,,-13.2301,,,,-9.4674,-8.7673,-0.3853,-16.0074,-1.5000,,,,,,,,,-0.3143,,-0.4715,,,-0.1441,-0.0821,-0.0670,,,,,,,,,,-1.1545,,-0.5890,-0.5935,,,,-15.9600,-3.6732,,-12.0600,-19.5767,,,,-0.7941,-0.7479,-1.1000,,-0.2614,,,,,-10.5356
