d normalized,Agassiz77,Agassiz79a,Agassiz79b,Agassiz84,Barnes_14.3_T_1975,Barnes_19.5_T_1975,Barnes_24.55_T_1975,Barnes_B4_1974,Barnes_D4_1974,Barnes_T020_1979,Barnes_T061_1977,Barnes_T081_1978,Barnes_T091_1977,Barnes_T0975_1976,CampCentury,CampIII_78,CampVI_50,DYE-3,Devon72,Devon73,Devon98,FOXX1,FOXX2,FladeIsblink06,GISP2,GRIP,GULL,HansTausen_Dome,HansTausen_Hare,Isua_10,Isua_11,Isua_12,Isua_13,Isua_14,Isunnguata_13km-10,Isunnguata_27km-11A,Isunnguata_27km-11B,Isunnguata_27km-11C,Isunnguata_27km-12A,Isunnguata_27km-12B,Isunnguata_27km-12C,Isunnguata_33km_14N,Isunnguata_33km_14SA,Isunnguata_33km_14SB,Isunnguata_33km_14W,Isunnguata_33km_15CA,Isunnguata_33km_15CB,Isunnguata_33km_15E,Isunnguata_33km_15N,Isunnguata_33km_15S,Isunnguata_46km-11A,Isunnguata_46km-11B,Isunnguata_M1-10,Isunnguata_M2-10B,Jakobshavn89A,Jakobshavn89B,Jakobshavn95D_I1,Jakobshavn95D_I2,Jakobshavn95D_T3,Jakobshavn95D_T4,Jakobshavn95D_T5,Laika_75a,Laika_75b,Laika_75c,Laika_75d,Laika_75e,Meighen67,NEEM,NGRIP,Penny96,PrinceWales05,Renland88,SiteII,StationCentrale,Store_R29,Store_R30_BH19c,Store_S30,TD1_88,TD2_88,TD3_88,TD4_91a,TD4_91b,TD5_90,TD5_91,Tuto_D-11
0.0000,NaN,NaN,NaN,NaN,NaN,NaN,NaN,NaN,NaN,NaN,NaN,NaN,NaN,NaN,NaN,NaN,NaN,NaN,NaN,NaN,NaN,NaN,NaN,NaN,NaN,NaN,NaN,NaN,NaN,NaN,NaN,NaN,NaN,NaN,NaN,NaN,NaN,NaN,NaN,NaN,NaN,NaN,NaN,NaN,NaN,NaN,NaN,NaN,NaN,NaN,NaN,NaN,NaN,NaN,NaN,NaN,NaN,NaN,NaN,NaN,NaN,NaN,NaN,NaN,NaN,NaN,NaN,NaN,NaN,NaN,NaN,NaN,NaN,NaN,NaN,NaN,NaN,NaN,NaN,NaN,NaN,NaN,NaN,NaN,NaN
0.0100,NaN,NaN,NaN,NaN,NaN,NaN,NaN,-10.0203,-10.7340,-10.0888,-11.0689,-10.9453,-10.5610,-10.7218,NaN,NaN,-12.3707,NaN,NaN,NaN,NaN,NaN,NaN,NaN,NaN,NaN,NaN,NaN,NaN,NaN,NaN,NaN,NaN,NaN,-0.5956,NaN,NaN,NaN,NaN,NaN,NaN,NaN,NaN,NaN,NaN,NaN,NaN,NaN,NaN,NaN,-9.5439,NaN,NaN,NaN,NaN,NaN,NaN,NaN,NaN,NaN,NaN,NaN,NaN,NaN,NaN,NaN,-22.6573,NaN,NaN,NaN,NaN,NaN,-24.0443,-27.1272,NaN,-6.8421,NaN,NaN,NaN,NaN,-12.2663,-11.5742,-9.0681,-8.6416,NaN
0.0200,NaN,NaN,NaN,NaN,NaN,NaN,NaN,-9.9731,-10.7074,-10.0147,-11.0218,-10.9121,-10.5309,-10.6977,NaN,-4.1085,-13.3118,NaN,NaN,NaN,NaN,NaN,NaN,NaN,NaN,-31.7434,NaN,NaN,NaN,NaN,NaN,NaN,NaN,NaN,-1.8063,NaN,NaN,NaN,-6.3895,NaN,NaN,NaN,NaN,NaN,NaN,NaN,NaN,NaN,NaN,NaN,-9.4950,NaN,NaN,NaN,-4.8634,NaN,NaN,NaN,NaN,NaN,NaN,NaN,NaN,NaN,NaN,NaN,-23.0230,NaN,NaN,NaN,NaN,NaN,-24.3930,-27.5554,NaN,-6.7811,NaN,NaN,NaN,NaN,-8.9812,-8.0603,-8.4101,-8.4700,NaN
0.0300,NaN,NaN,NaN,-23.6419,NaN,NaN,NaN,-9.9259,-10.6808,-9.9382,-10.9752,-10.8791,-10.5014,-10.6738,NaN,-2.5261,-13.9760,NaN,NaN,NaN,NaN,NaN,NaN,NaN,-31.4350,-31.7674,NaN,-20.9949,NaN,NaN,NaN,NaN,-4.7122,-4.5148,-2.8109,NaN,NaN,NaN,-5.6597,-5.5156,-4.4584,-4.6567,NaN,NaN,NaN,NaN,NaN,NaN,-9.7923,NaN,-9.4883,NaN,NaN,NaN,-5.9430,NaN,NaN,NaN,-6.8498,NaN,NaN,NaN,NaN,NaN,NaN,NaN,-22.3485,NaN,-31.6312,NaN,NaN,NaN,-24.6333,-27.7334,-5.2738,-7.1362,NaN,NaN,NaN,NaN,-7.4789,-7.1896,-8.3009,-8.4009,-3.2215
0.0400,-24.2976,NaN,NaN,-23.1669,NaN,NaN,NaN,-9.8787,-10.6544,-9.8607,-10.9283,-10.8461,-10.4722,-10.6500,NaN,-1.5670,-14.5427,NaN,-22.8457,-23.0530,NaN,NaN,NaN,NaN,-31.4644,-31.7910,NaN,-20.9434,-17.9576,NaN,NaN,NaN,-4.7113,-4.4313,-2.4746,NaN,NaN,NaN,-5.0687,-5.1892,-4.2589,-4.7927,NaN,NaN,NaN,NaN,NaN,NaN,-10.1014,NaN,-9.5016,NaN,NaN,0.2917,-6.9841,-10.7457,NaN,NaN,-7.9509,NaN,NaN,NaN,NaN,NaN,NaN,NaN,-20.6943,-29.0958,-31.6641,NaN,NaN,NaN,-24.8100,-27.7800,-6.8946,-7.7347,NaN,NaN,NaN,NaN,-6.8255,-6.6846,-8.3594,-8.4594,-4.1792
0.0500,-24.3490,NaN,NaN,-22.7634,NaN,NaN,NaN,-9.8313,-10.6279,-9.7812,-10.8813,-10.8125,-10.4437,-10.6264,NaN,-0.8853,-15.0309,NaN,-22.9090,-23.0207,-22.5427,NaN,NaN,NaN,-31.4697,-31.7957,NaN,-20.8919,-17.4027,NaN,NaN,NaN,-4.7097,-4.3521,-2.1895,NaN,NaN,-5.2146,-4.6189,-4.9509,-4.1253,-4.9313,NaN,NaN,NaN,NaN,NaN,NaN,-10.3200,NaN,-9.5241,NaN,NaN,0.1635,-7.9302,-12.2209,NaN,NaN,-9.0268,NaN,NaN,NaN,NaN,NaN,NaN,NaN,-19.6368,-29.1465,-31.6801,NaN,NaN,-18.4849,-24.9528,NaN,-8.0346,-8.5284,NaN,NaN,NaN,NaN,-6.5267,-6.5000,-8.4970,-8.5970,-5.0270
0.0600,-24.3341,NaN,NaN,-22.4675,NaN,-9.4293,NaN,-9.7838,-10.6016,-9.7002,-10.8345,-10.7792,-10.4159,-10.6029,NaN,-0.4077,-15.4333,NaN,-22.9771,-23.0055,-22.6484,NaN,NaN,NaN,-31.4468,-31.7701,NaN,-20.8405,-16.9297,-3.7456,NaN,NaN,-4.7074,-4.2762,-2.0963,NaN,-5.1294,-4.3339,-4.2098,-4.8296,-4.0747,-5.0701,NaN,NaN,NaN,NaN,NaN,NaN,-10.4235,NaN,-9.5736,NaN,NaN,0.0493,-8.7283,-13.5252,NaN,NaN,-10.0544,NaN,NaN,NaN,NaN,NaN,NaN,NaN,-19.0530,-29.1728,-31.6747,-11.9764,-20.9060,-18.5762,-25.0372,NaN,-8.9778,-9.4216,NaN,NaN,-2.7740,-1.9544,-6.4732,-6.4629,-8.6961,-8.7961,-5.8000
0.0700,-24.2409,NaN,NaN,-22.2649,NaN,-8.8341,NaN,-9.7367,-10.5753,-9.6187,-10.7871,-10.7457,-10.3890,-10.5796,NaN,-0.0463,-15.7918,NaN,-23.0505,-23.0020,-22.7202,NaN,NaN,NaN,-31.4050,-31.7252,NaN,-20.7890,-16.5481,-3.6958,NaN,NaN,-4.6783,-4.2065,-2.1395,NaN,-3.9968,-3.5875,-3.9737,-4.7617,-4.0459,-5.2016,NaN,NaN,-11.0183,-10.5762,NaN,-11.0032,-10.4798,NaN,-9.6582,NaN,NaN,-0.0471,-9.3527,-14.5885,NaN,NaN,-11.0219,NaN,NaN,NaN,NaN,NaN,NaN,NaN,-18.3076,-29.1817,-31.6553,-12.1157,-20.9710,-18.6423,-25.1108,NaN,-9.7973,-10.3322,NaN,NaN,-2.6746,-1.5427,-6.4418,-6.4340,-8.9389,-9.0389,-6.5558
0.0800,-24.1900,NaN,-22.2992,-22.0992,NaN,-8.3070,NaN,-9.6895,-10.5490,-9.5350,-10.7402,-10.7118,-10.3632,-10.5565,-24.5832,0.0000,-16.1264,-20.3274,-23.0990,-23.0018,-22.7439,NaN,NaN,NaN,-31.3539,-31.6719,NaN,-20.7375,-16.2321,-3.6480,NaN,NaN,-4.5344,-4.1405,-2.1524,NaN,-3.0420,-3.0312,-3.9805,-4.7064,-4.0311,-5.3344,NaN,NaN,-11.1008,-10.6839,NaN,-11.0665,-10.5260,-8.9504,-9.7661,NaN,NaN,-0.1233,-9.9236,-15.3354,NaN,NaN,-11.9173,NaN,NaN,NaN,NaN,NaN,NaN,NaN,-17.7204,-29.1799,-31.6270,-12.2450,-21.0317,-18.6641,-25.1511,NaN,-10.5396,-11.2084,NaN,NaN,-2.5846,-1.3104,-6.4176,-6.4117,-9.2077,-9.3077,-7.2724
0.0900,-24.1900,-22.3475,-22.2922,-21.9715,NaN,-7.8459,NaN,-9.6423,-10.5228,-9.4502,-10.6932,-10.6781,-10.3381,-10.5335,-24.6068,0.0000,-16.4200,-20.4365,-23.1223,-23.0017,-22.7526,NaN,NaN,NaN,-31.3026,-31.6181,NaN,-20.6861,-15.9591,-3.6025,NaN,NaN,-4.3286,-4.0722,-2.2220,NaN,-2.3745,-2.7136,-4.0671,-4.6356,-4.0406,-5.4913,NaN,NaN,-11.1833,-10.7914,NaN,-11.1288,-10.5870,-9.0290,-9.9231,NaN,NaN,-0.1750,-10.4713,-15.8648,NaN,NaN,-12.7289,NaN,NaN,NaN,NaN,NaN,NaN,NaN,-17.4657,-29.1669,-31.5967,-12.3567,-21.0852,-18.6526,-25.1791,NaN,-11.2826,-12.0535,NaN,NaN,-2.5068,-1.1038,-6.3992,-6.3947,-9.4846,-9.5846,-7.8997
0.1000,-24.1256,-22.3368,-22.2804,-21.8891,NaN,-7.4581,NaN,-9.5951,-10.4966,-9.3652,-10.6453,-10.6442,-10.3137,-10.5106,-24.6074,0.2358,NaN,-20.4315,-23.1378,-23.0025,-22.7581,NaN,NaN,NaN,-31.2536,-31.5671,NaN,-20.6343,-15.7074,-3.5599,NaN,NaN,-4.1210,-3.9971,-2.3739,NaN,-2.1004,-2.4838,-4.1292,-4.5486,-4.0860,-5.7030,NaN,NaN,-11.2688,-10.8976,NaN,-11.1889,-10.6559,-9.1563,-10.0983,NaN,NaN,-0.1985,-10.9939,-16.2883,NaN,NaN,-13.4381,NaN,NaN,NaN,NaN,-4.0799,NaN,NaN,-17.1658,-29.1471,-31.5684,-12.4477,-21.1308,-18.6358,-25.2030,NaN,-12.0888,-12.7724,NaN,NaN,-2.4445,-0.8438,-6.3851,-6.3816,-9.7498,-9.8498,-8.4594
0.1100,-24.0633,-22.3197,-22.2657,-21.8446,NaN,-7.1477,NaN,-9.5479,-10.4704,-9.2784,-10.5976,-10.6100,-10.2900,-10.4878,-24.6024,0.6882,NaN,-20.4099,-23.1412,-23.0129,-22.7600,NaN,NaN,NaN,-31.2085,-31.5212,NaN,-20.5826,-15.4711,-3.5206,NaN,NaN,-3.9785,-3.9138,-2.3590,NaN,-2.0224,-2.2965,-4.1379,-4.4900,-4.1475,-5.9560,-10.4016,NaN,-11.3542,-11.0304,NaN,-11.2479,-10.7289,-9.3213,-10.2883,NaN,0.0000,-0.1944,-11.4916,-16.6334,NaN,NaN,-14.0474,NaN,NaN,NaN,NaN,-3.8191,NaN,NaN,-17.1647,-29.1244,-31.5445,-12.5131,-21.1669,-18.6152,-25.2241,NaN,-13.0385,-13.6234,NaN,NaN,-2.4019,-0.5654,-6.3740,-6.3711,-9.9909,-10.0909,-8.9584
0.1200,-24.0309,-22.2993,-22.2474,-21.8150,NaN,-6.8763,NaN,-9.5007,-10.4445,-9.1876,-10.5494,-10.5759,-10.2669,-10.4654,-24.5942,0.7000,NaN,-20.3668,-23.1400,-23.0273,-22.7439,NaN,NaN,NaN,-31.1680,-31.4809,NaN,-20.5311,-15.2512,-3.4851,NaN,NaN,-3.9005,-3.8257,-2.4099,NaN,-1.9711,-2.1691,-4.1422,-4.5238,-4.2210,-6.2110,-10.4664,NaN,-11.4327,-11.1503,NaN,-11.3081,-10.8067,-9.6266,-10.5019,NaN,0.0000,-0.1708,-11.9645,-16.9275,NaN,NaN,-14.5375,NaN,NaN,NaN,NaN,-3.5671,NaN,NaN,-17.1132,-29.1017,-31.5261,-12.5538,-21.1942,-18.5967,-25.2433,NaN,-13.4558,-14.2992,NaN,NaN,-2.3726,-0.3072,-6.3644,-6.3618,-10.2054,-10.3054,-9.4064
0.1300,-23.9561,-22.2696,-22.2216,-21.7905,NaN,-6.6311,NaN,-9.4535,-10.4193,-9.0910,-10.5016,-10.5416,-10.2442,-10.4431,-24.5834,0.7000,NaN,-20.3364,-23.1376,-23.0350,-22.7227,NaN,NaN,NaN,-31.1327,-31.4464,NaN,-20.4797,-15.0513,-3.4537,NaN,NaN,-3.8369,-3.7395,-2.5418,NaN,-1.9315,-2.1197,-4.1507,-4.6669,-4.3204,-6.4438,-10.5252,NaN,-11.4986,-11.1894,NaN,-11.3777,-10.8898,-9.9412,-10.7979,NaN,0.0000,-0.1353,-12.4119,-17.1742,NaN,NaN,-14.9435,NaN,NaN,NaN,-6.8940,-3.3190,-5.5462,NaN,-17.0704,-29.0809,-31.5149,-12.5852,-21.2185,-18.5764,-25.2611,NaN,-13.4869,-14.8760,NaN,NaN,-2.3464,-0.1078,-6.3551,-6.3522,-10.4119,-10.5119,-9.8203
0.1400,-23.8925,-22.2273,-22.1900,-21.7620,NaN,-6.4048,NaN,-9.4063,-10.3945,-8.9905,-10.4544,-10.5071,-10.2218,-10.4209,-24.5709,0.7390,NaN,-20.2938,-23.1343,-23.0341,-22.7034,NaN,NaN,NaN,-31.1030,-31.4179,NaN,-20.4282,-14.8733,-3.4269,NaN,NaN,-3.7696,-3.6578,-2.6347,NaN,-1.8893,-2.1691,-4.1993,-4.7960,-4.4134,-6.6740,-10.5778,NaN,-11.5575,-11.1692,NaN,-11.4489,-10.9793,-10.1111,-11.1550,-11.2275,0.0000,-0.0950,-12.8398,-17.3857,NaN,NaN,-15.3145,NaN,NaN,-8.9611,-6.6642,-3.0799,-5.3622,NaN,-17.0828,-29.0624,-31.5087,-12.6110,-21.2401,-18.5559,-25.2794,NaN,-13.5006,-15.3882,NaN,NaN,-2.3245,-0.0059,-6.3446,-6.3410,-10.6169,-10.7169,-10.2064
0.1500,-23.8485,-22.1818,-22.1561,-21.7246,NaN,-6.1903,NaN,-9.3589,-10.3700,-8.8916,-10.4073,-10.4727,-10.1995,-10.3990,-24.5572,0.8118,NaN,-20.2493,-23.1287,-23.0316,-22.6957,NaN,NaN,-16.6836,-31.0783,-31.3951,NaN,-20.3767,-14.7105,-3.4054,NaN,NaN,-3.6962,-3.5720,-2.6772,NaN,-1.8325,-2.3006,-4.2708,-4.8311,-4.4865,-6.8842,-10.6272,NaN,-11.6208,-11.1405,NaN,-11.4987,-11.0767,-10.2131,-11.2837,-11.4944,0.0000,-0.0563,-13.2471,-17.5796,NaN,NaN,-15.6537,NaN,NaN,-8.6577,-6.4289,-2.8420,-5.1842,NaN,-17.1590,-29.0475,-31.5080,-12.6325,-21.2580,-18.5371,-25.2976,NaN,-13.5052,-15.8487,NaN,NaN,-2.3088,-0.0001,-6.3314,-6.3267,-10.8266,-10.9266,-10.5139
0.1600,-23.8157,-22.1380,-22.1168,-21.6830,NaN,-5.9830,NaN,-9.3114,-10.3457,-8.7957,-10.3618,-10.4379,-10.1772,-10.3772,-24.5366,0.9112,NaN,-20.2132,-23.1173,-23.0278,-22.6894,NaN,NaN,-16.7835,-31.0589,-31.3779,NaN,-20.3253,-14.5587,-3.3886,NaN,NaN,-3.6232,-3.4936,-2.7157,NaN,-1.7680,-2.4753,-4.3047,-4.8477,-4.5523,-7.0679,-10.6700,NaN,-11.7113,-11.1338,NaN,-11.5213,-11.2229,-10.2850,-11.2911,-11.6780,0.0000,-0.0258,-13.6339,-17.7759,NaN,NaN,-15.9615,NaN,NaN,-8.3606,-6.1871,-2.5843,-5.0125,NaN,-17.1239,-29.0354,-31.5115,-12.6513,-21.2715,-18.5215,-25.3159,NaN,-13.5091,-16.2528,NaN,NaN,-2.3007,-0.0004,-6.3143,-6.3081,-11.0454,-11.1454,-10.7618
0.1700,-23.7687,-22.0924,-22.0722,-21.6428,NaN,-5.7850,NaN,-9.2642,-10.3214,-8.7074,-10.3174,-10.4031,-10.1549,-10.3556,-24.5084,NaN,NaN,-20.1764,-23.1038,-23.0220,-22.6579,NaN,NaN,-16.8738,-31.0450,-31.3666,NaN,-20.2738,-14.4155,-3.3750,NaN,NaN,-3.5456,-3.4360,-2.7698,NaN,-1.7111,-2.6549,-4.3047,-4.8698,-4.6183,-7.2341,-10.7000,NaN,-11.8181,-11.2433,NaN,-11.5362,-11.3736,-10.3265,-11.2989,-11.7377,0.0000,-0.0106,-14.0008,-17.9759,NaN,NaN,-16.2472,NaN,NaN,-8.0713,-5.9377,-2.3138,-4.8480,NaN,-17.1136,-29.0258,-31.5213,-12.6691,-21.2800,-18.5081,-25.3342,NaN,-13.5208,-16.6099,-14.6748,-0.8141,-2.3000,-0.0009,-6.2920,-6.2845,-11.2821,-11.3821,-10.9549
0.1800,-23.7161,-22.0461,-22.0281,-21.6091,NaN,-5.5971,NaN,-9.2168,-10.2969,-8.6307,-10.2744,-10.3683,-10.1326,-10.3341,-24.4752,NaN,NaN,-20.1342,-23.0913,-23.0100,-22.6344,NaN,NaN,-16.9554,-31.0365,-31.3594,NaN,-20.2223,-14.2782,-3.3633,NaN,NaN,-3.4603,-3.4031,-2.8684,NaN,-1.6765,-2.8215,-4.3047,-4.9336,-4.6943,-7.3829,-10.7209,NaN,-11.8787,-11.4106,NaN,-11.5584,-11.4400,-10.3582,-11.3525,-11.7624,0.0000,-0.0080,-14.3471,-18.1709,NaN,NaN,-16.5110,NaN,NaN,-7.7912,-5.6833,-2.0759,-4.6848,-11.1528,-17.1128,-29.0191,-31.5360,-12.6879,-21.2853,-18.4942,-25.3527,NaN,-13.5489,-16.9257,-14.8853,-0.8574,-2.3000,-0.0018,-6.2661,-6.2577,-11.5429,-11.6429,-11.1052
0.1900,-23.6906,-22.0004,-21.9884,-21.5838,NaN,-5.4171,NaN,-9.1694,-10.2721,-8.5618,-10.2324,-10.3335,-10.1098,-10.3129,-24.4406,NaN,NaN,-20.0904,-23.0785,-22.9938,-22.6238,NaN,NaN,-17.0274,-31.0329,-31.3587,NaN,-20.1709,-14.1480,-3.3532,NaN,NaN,-3.3629,-3.3812,-2.9128,NaN,-1.7163,-3.0185,-4.3060,-5.0399,-4.7678,-7.5171,-10.7389,NaN,-11.8551,-11.5137,NaN,-11.6336,-11.4400,-10.3773,-11.4835,-11.7863,0.0000,-0.0064,-14.6779,-18.3648,NaN,NaN,-16.7559,NaN,NaN,-7.5206,-5.4222,-1.9215,-4.5209,-11.0820,-17.1021,-29.0150,-31.5488,-12.7069,-21.2900,-18.4808,-25.3711,NaN,-13.9853,-17.2071,-15.0953,-0.9022,-2.3000,-0.0028,-6.2375,-6.2283,-11.8333,-11.9333,-11.2344
0.2000,-23.6517,-21.9556,-21.9516,-21.5626,NaN,-5.2426,NaN,-9.1219,-10.2469,-8.4983,-10.1904,-10.2981,-10.0866,-10.2918,-24.4069,NaN,NaN,-20.0766,-23.0647,-22.9764,-22.6042,NaN,NaN,-17.0915,-31.0341,-31.3628,NaN,-20.1194,-14.0217,-3.3442,NaN,NaN,-3.2263,-3.3561,-2.9360,NaN,-1.9715,-3.2170,-4.3555,-5.1314,-4.8156,-7.6348,-10.7594,NaN,-11.7939,-11.5670,NaN,-11.7473,-11.4400,-10.3746,-11.6574,-11.8119,0.0000,-0.0053,-14.9924,-18.5558,NaN,NaN,-16.9854,NaN,NaN,-7.2652,-5.1394,-1.8587,-4.3634,-11.0124,-17.0855,-29.0134,-31.5735,-12.7245,-21.2938,-18.4684,-25.3897,NaN,-14.4664,-17.4295,-15.3046,-0.9485,-2.3000,-0.0042,-6.2064,-6.1966,-12.1821,-12.2821,-11.3571
0.2100,-23.6012,-21.9108,-21.9157,-21.5414,NaN,-5.0709,NaN,-9.0745,-10.2210,-8.4385,-10.1487,-10.2631,-10.0629,-10.2709,-24.3728,NaN,NaN,-20.0533,-23.0492,-22.9560,-22.5782,NaN,NaN,-17.1650,-31.0399,-31.3721,NaN,-20.0679,-13.8983,-3.3358,-3.7731,NaN,-3.0630,-3.3072,-3.0759,NaN,-2.3385,-3.3798,-4.4330,-5.1795,-4.8390,-7.7483,-10.7857,NaN,-11.7513,-11.6068,NaN,-11.8098,-11.4400,-10.3439,-11.9647,-11.8436,-0.0002,-0.0045,-15.2911,-18.7437,NaN,NaN,-17.2025,NaN,NaN,-7.0231,-4.8376,-1.8277,-4.2210,-10.9440,-17.0722,-29.0142,-31.6001,-12.7389,-21.2966,-18.4568,-25.4083,NaN,-14.6576,-17.3054,-15.5133,-0.9962,-2.3000,-0.0058,-6.1732,-6.1627,-12.6280,-12.7280,-11.4410
0.2200,-23.5535,-21.8695,-21.8796,-21.5167,NaN,-4.9041,NaN,-9.0270,-10.1943,-8.3789,-10.1067,-10.2279,-10.0385,-10.2502,-24.3367,NaN,NaN,-20.0152,-23.0314,-22.9322,-22.5530,NaN,NaN,-17.2368,-31.0505,-31.3849,NaN,-20.0165,-13.7761,-3.3276,-3.6851,NaN,-2.9121,-3.1500,-3.1464,NaN,-2.6784,-3.4721,-4.4838,-5.2167,-4.8576,-7.8655,-10.8062,NaN,-11.7608,-11.6367,NaN,-11.8100,-11.4787,-10.3144,-12.1519,-11.9055,-0.0010,-0.0035,-15.5744,-18.9286,NaN,NaN,-17.4087,NaN,NaN,-6.7893,-4.5430,-1.8052,-4.1030,-10.8768,-17.0601,-29.0169,-31.6307,-12.7479,-21.2983,-18.4458,-25.4271,NaN,-14.7834,-17.4267,-15.7213,-1.0453,-2.2973,-0.0076,-6.1380,-6.1270,-13.1413,-13.2413,-11.4971
0.2300,-23.5065,-21.8352,-21.8429,-21.4855,NaN,-4.7396,NaN,-8.9795,-10.1667,-8.3182,-10.0635,-10.1923,-10.0136,-10.2296,-24.2993,NaN,NaN,-19.9801,-23.0112,-22.9108,-22.5333,NaN,NaN,-17.2614,-31.0657,-31.4034,NaN,-19.9650,-13.6527,-3.3190,-3.5996,NaN,-2.8087,-2.9560,-3.1854,NaN,-2.8618,-3.5266,-4.5040,-5.2671,-4.8846,-7.9826,-10.8095,NaN,-11.7889,-11.6642,NaN,-11.8100,-11.5658,-10.3362,-12.1155,-12.0232,-0.0023,-0.0021,-15.8422,-19.1087,NaN,NaN,-17.6111,NaN,NaN,-6.5578,-4.2830,-1.7878,-4.0094,-10.8108,-17.0488,-29.0215,-31.6649,-12.7500,-21.2985,-18.4362,NaN,NaN,-14.8832,-18.0750,-15.9288,-1.0957,-2.2552,-0.0097,-6.1012,-6.0897,-13.7079,-13.8079,-11.5198
0.2400,-23.4572,-21.8071,-21.8060,-21.4505,NaN,-4.5798,NaN,-8.9321,-10.1380,-8.2528,-10.0195,-10.1569,-9.9876,-10.2091,-24.2615,NaN,NaN,-19.9447,-22.9891,-22.8925,-22.5194,NaN,NaN,-17.2782,-31.0851,-31.4262,NaN,-19.9135,-13.5284,-3.3096,-3.5189,NaN,-2.7540,-2.8483,-3.2152,NaN,-2.9630,-3.5680,-4.5204,-5.3870,-4.9252,-8.1046,-10.8048,NaN,-11.8093,-11.6846,NaN,-11.8100,-11.6274,-10.4679,-12.0548,-12.1754,-0.0038,0.0001,-16.0985,-19.2874,NaN,NaN,-17.8110,NaN,NaN,-6.3297,-4.0645,-1.7702,-3.9306,-10.7462,-17.0379,-29.0273,-31.7014,-12.7500,-21.2956,-18.4265,NaN,NaN,-14.9968,-18.3470,-16.1355,-1.1472,-2.1802,-0.0120,-6.0630,-6.0511,-14.2984,-14.3984,-11.5168
0.2500,-23.4017,-21.7812,-21.7694,-21.4154,NaN,-4.4250,-4.5707,-8.8845,-10.1079,-8.1823,-9.9735,-10.1214,-9.9606,-10.1888,-24.2228,NaN,NaN,-19.9074,-22.9653,-22.8751,-22.4971,NaN,NaN,-17.3260,-31.1094,-31.4538,NaN,-19.8621,-13.4012,-3.2988,-3.4418,-3.7966,-2.7150,-2.8434,-3.2147,NaN,-3.0428,-3.6023,-4.5485,-5.5315,-4.9743,-8.2410,-10.7961,NaN,-11.7997,-11.6900,NaN,-11.8203,-11.6300,-10.6035,-12.0461,-12.4174,-0.0056,0.0067,-16.3429,-19.4631,NaN,NaN,-18.0086,NaN,NaN,-6.1063,-3.8733,-1.7478,-3.8613,-10.6830,-17.0266,-29.0343,-31.7422,-12.7500,-21.2897,-18.4153,NaN,NaN,-15.1666,-18.5280,-16.3417,-1.2000,-2.0970,-0.0145,-6.0236,-6.0115,-14.8865,-14.9865,-11.5109
0.2600,-23.3535,-21.7520,-21.7326,-21.3835,NaN,-4.2759,-4.4065,-8.8369,-10.0761,-8.1116,-9.9259,-10.0854,-9.9329,-10.1687,-24.1814,NaN,NaN,-19.8736,-22.9378,-22.8567,-22.4672,NaN,NaN,-17.3600,-31.1374,-31.4841,NaN,-19.8106,-13.2764,-3.2864,-3.3695,-3.7831,-2.6801,-2.8418,-3.2448,NaN,-3.1066,-3.6354,-4.6123,-5.5885,-5.0330,-8.4052,-10.7845,NaN,-11.7717,-11.6900,NaN,-11.8466,-11.6300,-10.6473,-12.0647,-12.6742,-0.0073,0.0195,-16.5763,-19.6358,NaN,NaN,-18.2011,NaN,NaN,-5.8888,-3.6973,-1.7155,-3.7980,-10.6212,-17.0152,-29.0424,-31.7836,-12.7500,-21.2816,-18.4026,NaN,NaN,-15.4284,-18.7113,-16.5472,-1.2576,-2.0291,-0.0173,-5.9833,-5.9710,-15.4473,-15.5473,-11.5014
0.2700,-23.3023,-21.7155,-21.6951,-21.3562,NaN,-4.1261,-4.2472,-8.7897,-10.0428,-8.0437,-9.8759,-10.0496,-9.9045,-10.1486,-24.1346,NaN,NaN,-19.8445,-22.9085,-22.8354,-22.4314,NaN,NaN,-17.3557,-31.1701,-31.5181,NaN,-19.7591,-13.1531,-3.2723,-3.3028,-3.7638,-2.6382,-2.8400,-3.3859,NaN,-3.1597,-3.6730,-4.6771,-5.5024,-5.1211,-8.5739,-10.7711,NaN,-11.7510,-11.6900,NaN,-11.8779,-11.6300,-10.6671,-12.1019,-12.8492,-0.0090,0.0355,-16.8001,-19.8106,NaN,NaN,-18.3880,NaN,NaN,-5.6784,-3.5312,-1.6621,-3.7366,-10.5608,-17.0036,-29.0510,-31.8269,-12.7500,-21.2722,-18.3882,NaN,NaN,-16.1049,-18.8740,-16.7520,-1.3217,-2.0000,-0.0204,-5.9425,-5.9300,-15.9556,-16.0556,-11.4883
0.2800,-23.2394,-21.6746,-21.6580,-21.3305,NaN,-3.9738,-4.0932,-8.7425,-10.0082,-7.9840,-9.8222,-10.0135,-9.8758,-10.1288,-24.0873,NaN,NaN,-19.8350,-22.8802,-22.8119,-22.4077,NaN,NaN,-17.3546,-31.2063,-31.5572,NaN,-19.7077,-13.0314,-3.2570,-3.2411,-3.7395,-2.5843,-2.8328,-3.4555,NaN,-3.2092,-3.7127,-4.7021,-5.3759,-5.1904,-8.7207,-10.7569,NaN,-11.7500,-11.6900,NaN,-11.9152,-11.6368,-10.6832,-12.4424,-12.9898,-0.0104,0.0523,-17.0140,-19.9870,NaN,NaN,-18.5684,NaN,NaN,-5.4761,-3.3714,-1.5888,-3.6735,-10.5020,-16.9922,-29.0598,-31.8725,-12.7500,-21.2624,-18.3724,NaN,NaN,-17.1179,-19.0382,-16.9562,-1.3896,-2.0089,-0.0237,-5.9013,-5.8887,-16.3841,-16.4841,-11.4734
0.2900,-23.1778,-21.6328,-21.6227,-21.3028,NaN,-3.8296,-3.9450,-8.6955,-9.9726,-7.9333,-9.7661,-9.9772,-9.8467,-10.1091,-24.0451,NaN,NaN,-19.8292,-22.8537,-22.7858,-22.3942,NaN,NaN,-17.3838,-31.2467,-31.5985,NaN,-19.6562,-12.9113,-3.2405,-3.1861,-3.7105,-2.5243,-2.7687,-3.4865,NaN,-3.2562,-3.7461,-4.7131,-5.3344,-5.1966,-8.8462,-10.7418,NaN,-11.7500,-11.6900,NaN,-11.9605,-11.6627,-10.7052,-12.8857,-13.1228,-0.0115,0.0669,-17.2211,-20.1668,NaN,NaN,-18.7402,NaN,NaN,-5.2829,-3.2127,-1.5058,-3.6047,-10.4447,-16.9813,-29.0688,-31.9181,-12.7493,-21.2523,-18.3545,NaN,NaN,-17.5012,-19.1859,-17.1597,-1.4585,-2.0311,-0.0272,-5.8593,-5.8460,-16.7171,-16.8172,-11.4563
0.3000,-23.1163,-21.5937,-21.5896,-21.2676,NaN,-3.6988,-3.8020,-8.6486,-9.9361,-7.8868,-9.7076,-9.9408,-9.8173,-10.0894,-24.0104,NaN,NaN,-19.8066,-22.8267,-22.7558,-22.3686,NaN,NaN,-17.3946,-31.2905,-31.6415,NaN,-19.6045,-12.7919,-3.2232,-3.1350,-3.6775,-2.4568,-2.6561,-3.5145,NaN,-3.2931,-3.7657,-4.7227,-5.4349,-5.1767,-8.9620,-10.7217,NaN,-11.7500,-11.6900,NaN,-11.9979,-11.6864,-10.7314,-13.0302,-13.2432,-0.0120,0.0771,-17.4206,-20.3467,NaN,NaN,-18.9061,NaN,NaN,-5.1003,-3.0499,-1.4253,-3.5264,-10.3890,-16.9709,-29.0776,-31.9646,-12.7449,-21.2397,-18.3338,NaN,NaN,-17.7365,-19.3491,-17.3625,-1.5255,-2.0590,-0.0310,-5.8160,-5.8016,-17.0110,-17.1129,-11.4380
0.3100,-23.0551,-21.5559,-21.5580,-21.2186,NaN,-3.5916,-3.6655,-8.6019,-9.8991,-7.8429,-9.6465,-9.9041,-9.7879,-10.0699,-23.9792,NaN,NaN,-19.7838,-22.7969,-22.7182,-22.3374,NaN,NaN,-17.3899,-31.3373,-31.6900,NaN,-19.5528,-12.6752,-3.2051,-3.0855,-3.6409,-2.3824,-2.5349,-3.6152,NaN,-3.3127,-3.7672,-4.7399,-5.5837,-5.1457,-9.0716,-10.6996,NaN,-11.7357,-11.6900,NaN,-12.0253,-11.6869,-10.7487,-13.1011,-13.3689,-0.0115,0.0799,-17.6128,-20.5251,NaN,NaN,-19.0637,NaN,NaN,-4.9286,-2.8723,-1.3573,-3.4398,-10.3350,-16.9615,-29.0853,-32.0126,-12.7372,-21.2252,-18.3084,NaN,NaN,-17.8873,-19.4732,-17.5647,-1.5880,-2.0842,-0.0350,-5.7713,-5.7557,-17.2822,-17.3872,-11.4187
0.3200,-23.0018,-21.5185,-21.5277,-21.1627,NaN,-3.5202,-3.5366,-8.5553,-9.8620,-7.7991,-9.5847,-9.8673,-9.7586,-10.0507,-23.9474,NaN,NaN,-19.7676,-22.7623,-22.6767,-22.3139,NaN,NaN,-17.3808,-31.3873,-31.7347,NaN,-19.5013,-12.5596,-3.1866,-3.0385,-3.6013,-2.2879,-2.4448,-3.5882,NaN,-3.3106,-3.7626,-4.7729,-5.6750,-5.1125,-9.1756,-10.6791,NaN,-11.6888,-11.6900,NaN,-12.0489,-11.6688,-10.7500,-13.1364,-13.5560,-0.0096,0.0757,-17.7979,-20.7003,NaN,-18.4612,-19.2123,NaN,NaN,-4.7689,-2.6817,-1.3078,-3.3496,-10.2827,-16.9532,-29.0910,-32.0589,-12.7270,-21.2095,-18.2785,NaN,NaN,-18.0204,-19.6021,-17.7661,-1.6430,-2.0988,-0.0392,-5.7254,-5.7083,-17.5326,-17.6409,-11.3997
0.3300,-22.9356,-21.4834,-21.4999,-21.1126,NaN,-3.4269,-3.4147,-8.5090,-9.8250,-7.7546,-9.5215,-9.8304,-9.7292,-10.0316,-23.9142,NaN,NaN,-19.7617,-22.7241,-22.6362,-22.2868,NaN,NaN,-17.3685,-31.4394,-31.7817,NaN,-19.4498,-12.4470,-3.1679,-2.9938,-3.5593,-2.1606,-2.3714,-3.5800,NaN,-3.2947,-3.7547,-4.8154,-5.7361,-5.0846,-9.2747,-10.6594,NaN,-11.6397,-11.6900,NaN,-12.0599,-11.6437,-10.7500,-13.1489,-13.7562,-0.0064,0.0668,-17.9754,-20.8692,NaN,-18.6905,-19.3515,NaN,NaN,-4.6243,-2.4901,-1.2689,-3.2608,-10.2325,-16.9458,-29.0950,-32.1050,-12.7147,-21.1930,-18.2445,NaN,NaN,-18.2000,-19.7289,-17.9669,-1.6878,-2.0958,-0.0437,-5.6782,-5.6596,-17.7641,-17.8752,-11.3803
0.3400,-22.8514,-21.4502,-21.4755,-21.0779,NaN,-3.2905,-3.2995,-8.4627,-9.7881,-7.7111,-9.4586,-9.7929,-9.6993,-10.0127,-23.8813,NaN,NaN,-19.7556,-22.6840,-22.5968,-22.2535,NaN,NaN,-17.3494,-31.4937,-31.8350,NaN,-19.3984,-12.3407,-3.1491,-2.9533,-3.5154,-2.0682,-2.3002,-3.7214,NaN,-3.2696,-3.7446,-4.8582,-5.7772,-5.0704,-9.3789,-10.6391,NaN,-11.6117,-11.6888,NaN,-12.0331,-11.6204,-10.7500,-13.1630,-13.8042,-0.0023,0.0547,-18.1479,-21.0334,NaN,-18.9067,-19.4804,NaN,NaN,-4.4929,-2.3103,-1.2346,-3.1786,-10.1842,-16.9391,-29.0972,-32.1494,-12.7014,-21.1770,-18.2079,NaN,NaN,-18.4903,-19.8618,-18.1719,-1.7216,-2.0768,-0.0484,-5.6299,-5.6096,-17.9783,-18.0906,-11.3586
0.3500,-22.7881,-21.4188,-21.4519,-21.0534,NaN,-3.1435,-3.1897,-8.4164,-9.7518,-7.6678,-9.3961,-9.7555,-9.6691,-9.9939,-23.8454,NaN,NaN,-19.7316,-22.6435,-22.5578,-22.2194,NaN,NaN,-17.3124,-31.5499,-31.8886,NaN,-19.3469,-12.2391,-3.1305,-2.9169,-3.4700,-2.0505,-2.2333,-3.7329,NaN,-3.2396,-3.7330,-4.8914,-5.7803,-5.1197,-9.5013,-10.6175,NaN,-11.5909,-11.6721,NaN,-11.9760,-11.5914,-10.7500,-13.3248,-13.7878,0.0023,0.0410,-18.3151,-21.1898,NaN,-19.1083,-19.5973,NaN,NaN,-4.3719,-2.1556,-1.2029,-3.1088,-10.1377,-16.9327,-29.0967,-32.1899,-12.6781,-21.1612,-18.1693,NaN,NaN,-19.1181,-19.9756,-18.3953,-1.7497,-2.0500,-0.0533,-5.5803,-5.5585,-18.1752,-18.2863,-11.3345
0.3600,-22.7325,-21.3886,-21.4252,-21.0324,NaN,-3.0146,-3.0847,-8.3701,-9.7163,-7.6250,-9.3336,-9.7179,-9.6388,-9.9753,-23.8034,NaN,NaN,-19.6973,-22.6016,-22.5189,-22.1862,NaN,NaN,-17.2648,-31.6061,-31.9444,NaN,-19.2954,-12.1406,-3.1123,-2.8858,-3.4160,-2.0449,-2.1710,-3.7584,NaN,-3.2078,-3.7143,-4.9057,-5.7390,-5.2491,-9.6311,-10.5958,NaN,-11.5686,-11.6464,NaN,-11.9404,-11.5668,-10.7500,-13.6760,-13.7604,0.0071,0.0276,-18.4770,-21.3366,NaN,-19.2997,-19.7040,NaN,NaN,-4.2593,-2.0398,-1.1708,-3.0502,-10.0927,-16.9263,-29.0924,-32.2303,-12.6385,-21.1450,-18.1291,NaN,NaN,-19.4783,-20.0787,-18.6339,-1.7739,-2.0232,-0.0585,-5.5296,-5.5064,-18.3608,-18.4673,-11.3066
0.3700,-22.6766,-21.3589,-21.3905,-21.0115,NaN,-2.9325,-2.9841,-8.3243,-9.6815,-7.5832,-9.2732,-9.6792,-9.6084,-9.9569,-23.7510,NaN,NaN,-19.6785,-22.5579,-22.4807,-22.1565,NaN,NaN,-17.2159,-31.6642,-31.9996,-8.3009,-19.2440,-12.0416,-3.0927,-2.8610,-3.3478,-2.0417,-2.1144,-3.8236,NaN,-3.1661,-3.6878,-4.8962,-5.6804,-5.3294,-9.7394,-10.5710,NaN,-11.5371,-11.6229,NaN,-11.9532,-11.5600,-10.7500,-13.7737,-13.6955,0.0116,0.0160,-18.6339,-21.4723,NaN,-19.4792,NaN,NaN,NaN,-4.1539,-1.9654,-1.1389,-2.9958,-10.0490,-16.9195,-29.0840,-32.2665,-12.5919,-21.1283,-18.0890,NaN,NaN,-19.7056,-20.1744,-18.8838,-1.7955,-2.0042,-0.0639,-5.4777,-5.4533,-18.5342,-18.6321,-11.2745
0.3800,-22.5952,-21.3310,-21.3485,-20.9877,NaN,-2.8616,-2.8873,-8.2786,-9.6464,-7.5414,-9.2146,-9.6400,-9.5782,-9.9386,-23.6898,NaN,NaN,-19.6761,-22.5116,-22.4442,-22.1254,NaN,NaN,-17.1666,-31.7211,-32.0541,-8.9359,-19.1925,-11.9420,-3.0704,-2.8422,-3.2689,-2.0380,-2.0652,-3.8721,NaN,-3.1148,-3.6564,-4.8767,-5.6296,-5.3185,-9.8102,-10.5395,NaN,-11.4969,-11.6027,NaN,-11.9818,-11.5600,-10.7603,-13.6760,-13.6121,0.0155,0.0075,-18.7856,-21.5941,NaN,-19.6472,NaN,NaN,NaN,-4.0543,-1.9192,-1.1083,-2.9440,-10.0063,-16.9122,-29.0713,-32.2985,-12.5487,-21.1112,-18.0492,NaN,NaN,-19.8711,-20.2782,-19.1407,-1.8158,-2.0062,-0.0695,-5.4248,-5.3994,-18.6866,-18.7733,-11.2407
0.3900,-22.5115,-21.3034,-21.3064,-20.9623,NaN,-2.7781,-2.7938,-8.2330,-9.6109,-7.5002,-9.1556,-9.6000,-9.5479,-9.9205,-23.6237,NaN,NaN,-19.6705,-22.4608,-22.4069,-22.0927,NaN,NaN,-17.1129,-31.7780,-32.1071,-9.5194,-19.1410,-11.8384,-3.0465,-2.8285,-3.1826,-2.0310,-2.0241,-3.8126,NaN,-3.0581,-3.6232,-4.8672,-5.5710,-5.2911,-9.8661,-10.4990,NaN,-11.4540,-11.5795,NaN,-11.9998,-11.5600,-10.7889,-13.5721,-13.6100,0.0184,-0.0004,-18.9343,-21.7029,NaN,-19.8040,NaN,NaN,NaN,-3.9594,-1.8841,-1.0789,-2.8956,-9.9643,-16.9038,-29.0535,-32.3254,-12.5180,-21.0936,-18.0112,NaN,NaN,-19.9997,-20.3792,-19.4005,-1.8360,-2.0758,-0.0754,-5.3709,-5.3448,-18.8189,-18.8934,-11.2051
0.4000,-22.4308,-21.2743,-21.2710,-20.9363,NaN,-2.6884,-2.7030,-8.1875,-9.5752,-7.4606,-9.0971,-9.5590,-9.5176,-9.9026,-23.5562,NaN,NaN,-19.6589,-22.4084,-22.3658,-22.0596,NaN,NaN,-17.0562,-31.8335,-32.1583,-10.0511,-19.0896,-11.7289,-3.0218,-2.8179,-3.0924,-1.9859,-1.9938,-3.7377,NaN,-2.9983,-3.5882,-4.8891,-5.5297,-5.2637,-9.9234,-10.4552,NaN,-11.4119,-11.5454,NaN,-11.9819,-11.5598,-10.8094,-13.5177,-13.6941,0.0198,-0.0082,-19.0798,-21.7986,NaN,-19.9501,NaN,NaN,NaN,-3.8680,-1.8564,-1.0495,-2.8514,-9.9228,-16.8949,-29.0301,-32.3456,-12.5100,-21.0755,-17.9733,NaN,NaN,-20.1215,-20.4475,-19.6589,-1.8576,-2.1649,-0.0814,-5.3160,-5.2897,-18.9384,-18.9998,-11.1697
0.4100,-22.3547,-21.2424,-21.2420,-20.9104,NaN,-2.5964,-2.6145,-8.1422,-9.5394,-7.4219,-9.0380,-9.5181,-9.4876,NaN,-23.4923,NaN,NaN,-19.6473,-22.3591,-22.3204,-22.0252,NaN,NaN,-16.9978,-31.8862,-32.2059,-10.5114,-19.0381,-11.6111,-2.9974,-2.8091,-3.0016,-1.8567,-1.9720,-3.8962,NaN,-2.9327,-3.5482,-4.9262,-5.5320,-5.2411,-9.9993,-10.4077,NaN,-11.3684,-11.4852,NaN,-11.9349,-11.5483,-10.8020,-13.4790,-13.7477,0.0198,-0.0157,-19.2221,-21.8950,NaN,-20.0845,NaN,NaN,NaN,-3.7786,-1.8314,-1.0200,-2.8123,-9.8815,-16.8855,-28.9999,-32.3599,-12.5100,-21.0570,-17.9357,NaN,NaN,-20.2636,-20.5192,-19.9118,-1.8818,-2.2000,-0.0877,-5.2600,-5.2340,-19.0526,-19.1007,-11.1344
0.4200,-22.2908,-21.2078,-21.2155,-20.8851,NaN,-2.5040,-2.5274,-8.0971,-9.5039,-7.3840,-8.9796,-9.4769,-9.4578,NaN,-23.4297,NaN,NaN,-19.6359,-22.3158,-22.2716,-21.9891,NaN,NaN,-16.9370,-31.9372,-32.2506,-10.8838,-18.9866,-11.4821,-2.9745,-2.8010,-2.9137,-1.7013,-1.9484,-4.0289,NaN,-2.8590,-3.5039,-4.9446,-5.5620,-5.2184,-10.0884,-10.3509,NaN,-11.3252,-11.4168,NaN,-11.8844,-11.5255,-10.7784,-13.5099,-13.6522,0.0191,-0.0221,-19.3616,-21.9902,-19.8841,-20.2103,NaN,NaN,NaN,-3.6900,-1.8045,-0.9892,-2.7789,-9.8401,-16.8761,-28.9625,-32.3680,-12.5100,-21.0379,-17.8976,NaN,NaN,-20.4546,-20.5863,-20.1550,-1.9102,-2.2000,-0.0942,-5.2032,-5.1779,-19.1685,-19.2034,-11.1010
0.4300,-22.2261,-21.1730,-21.1878,-20.8601,NaN,-2.4142,-2.4405,-8.0520,-9.4688,-7.3455,-8.9214,-9.4350,-9.4282,NaN,-23.3664,NaN,NaN,-19.6164,-22.2752,-22.2212,-21.9529,NaN,-5.5926,-16.8731,-31.9836,-32.2901,-11.1633,-18.9352,-11.3321,-2.9541,-2.7921,-2.8320,-1.5778,-1.9117,-4.0401,NaN,-2.7827,-3.4563,-4.9349,-5.5879,-5.1960,-10.1680,-10.3130,NaN,-11.2857,-11.3621,NaN,-11.8437,-11.4992,-10.7527,-13.7256,-13.5137,0.0177,-0.0269,-19.4982,-22.0792,-20.0949,-20.3264,NaN,NaN,NaN,-3.6012,-1.7709,-0.9569,-2.7521,-9.7984,-16.8670,-28.9181,-32.3667,-12.5100,-21.0180,-17.8584,NaN,NaN,-20.7671,-20.6623,-20.3843,-1.9477,NaN,-0.1011,-5.1454,-5.1216,-19.2947,-19.3169,-11.0690
0.4400,-22.1358,-21.1385,-21.1564,-20.8349,NaN,-2.3239,-2.3540,-8.0072,-9.4343,-7.3056,-8.8629,-9.3936,-9.3985,NaN,-23.3018,NaN,NaN,-19.6119,-22.2319,-22.1697,-21.9167,NaN,-6.0519,-16.8070,-32.0258,-32.3252,-11.3395,-18.8837,-11.1578,-2.9374,-2.7812,-2.7599,-1.5275,-1.8365,-3.9053,NaN,-2.7089,-3.4069,-4.9114,-5.5791,-5.1772,-10.2238,-10.3100,NaN,-11.2499,-11.3217,NaN,-11.8021,-11.4667,-10.7349,-13.8628,-13.5057,0.0158,-0.0296,-19.6337,-22.1594,-20.2878,-20.4334,NaN,NaN,NaN,-3.5099,-1.7275,-0.9242,NaN,-9.7562,-16.8583,-28.8646,-32.3563,-12.5100,-20.9979,-17.8183,NaN,NaN,-20.8232,-20.7193,-20.5956,-1.9922,NaN,-0.1139,-5.0868,-5.0651,-19.4379,-19.4482,-11.0412
0.4500,-22.0458,-21.1044,-21.1226,-20.8086,NaN,-2.2327,-2.2690,-7.9623,-9.4005,-7.2640,-8.8053,-9.3523,-9.3688,NaN,-23.2372,NaN,NaN,-19.6197,-22.1800,-22.1161,-21.8805,NaN,-6.4886,-16.7384,-32.0623,-32.3542,-11.4611,-18.8322,-10.9699,-2.9254,-2.7669,-2.7008,-1.4993,-1.7347,-3.9825,NaN,-2.6394,-3.3553,-4.8787,-5.5340,-5.1559,-10.2733,-10.3100,NaN,-11.2092,-11.2810,NaN,-11.7556,-11.4259,-10.7180,-13.6336,-13.5617,0.0136,-0.0298,-19.7681,-22.2254,-20.4636,-20.5315,NaN,NaN,NaN,-3.4157,-1.6548,-0.8911,NaN,-9.7132,-16.8504,-28.8021,-32.3359,-12.5100,-20.9773,-17.7762,NaN,NaN,-20.8496,-20.7791,-20.7847,-2.0402,NaN,-0.1348,-5.0273,-5.0086,-19.6057,-19.6054,-11.0174
0.4600,-21.9585,-21.0702,-21.0878,-20.7802,NaN,-2.1425,-2.1866,-7.9176,-9.3678,-7.2191,-8.7483,-9.3108,-9.3392,NaN,-23.1709,NaN,NaN,-19.5983,-22.1193,-22.0622,-21.8446,NaN,-6.9039,-16.6662,-32.0923,-32.3752,-11.5516,-18.7808,-10.7745,-2.9197,-2.7470,-2.6523,-1.4779,-1.6358,-4.0779,NaN,-2.5713,-3.2994,-4.8428,-5.4735,-5.1205,-10.3055,-10.3100,NaN,-11.1494,-11.2250,NaN,-11.6991,-11.3838,-10.6930,-13.3063,-13.5906,0.0111,-0.0283,-19.9016,-22.2729,-20.6230,-20.6211,NaN,NaN,NaN,-3.3182,-1.5322,-0.8568,NaN,-9.6689,-16.8429,-28.7303,-32.3043,-12.5098,-20.9562,-17.7325,NaN,NaN,-20.8616,-20.8261,-20.9474,-2.0877,NaN,-0.1626,-4.9662,-4.9508,-19.8766,-19.8718,-10.9972
0.4700,-21.8761,-21.0362,-21.0535,-20.7504,NaN,-2.0562,-2.1079,-7.8733,-9.3362,-7.1721,-8.6913,-9.2702,-9.3096,NaN,-23.0973,NaN,NaN,-19.5868,-22.0584,-22.0107,-21.8084,NaN,-7.2972,-16.5916,-32.1152,-32.3891,-11.6268,-18.7293,-10.5792,-2.9192,-2.7054,-2.6090,-1.4552,-1.5671,-4.1268,NaN,-2.5047,-3.2366,-4.8082,-5.4009,-5.0373,-10.3100,-10.3053,NaN,-11.0623,-11.1460,NaN,-11.6333,-11.3455,-10.6043,-13.2866,-13.5457,0.0085,-0.0257,-20.0343,-22.2975,-20.7654,-20.7019,NaN,NaN,NaN,-3.2164,-1.3687,-0.8199,NaN,-9.6221,-16.8356,-28.6466,-32.2604,-12.5089,-20.9346,-17.6860,NaN,NaN,-20.8682,-20.8783,-21.0795,-2.1313,NaN,-0.1956,-4.9000,-4.8901,-20.1936,-20.1907,-10.9805
0.4800,-21.8078,-21.0022,-21.0194,-20.7190,NaN,-1.9735,-2.0339,-7.8292,-9.3061,-7.1250,-8.6356,-9.2302,-9.2803,NaN,-23.0122,NaN,NaN,-19.5829,-22.0061,-21.9612,-21.7722,NaN,-7.6683,-16.5159,-32.1293,-32.3939,-11.7001,-18.6778,-10.3912,-2.9203,-2.6354,-2.5697,-1.4228,-1.5182,-4.0782,-2.0776,-2.4397,-3.1641,-4.7770,-5.3039,-4.9309,-10.3100,-10.2860,NaN,-10.9721,-11.0550,NaN,-11.5675,-11.3072,-10.4607,-13.3833,-13.4728,0.0059,-0.0223,-20.1663,-22.2958,-20.8946,-20.7758,NaN,NaN,NaN,-3.1122,-1.1996,-0.7805,NaN,-9.5734,-16.8281,-28.5517,-32.2042,-12.5073,-20.9124,-17.6372,NaN,NaN,-20.8783,-20.9272,-21.1768,-2.1670,NaN,-0.2325,-4.8292,-4.8271,-20.3903,-20.3901,-10.9654
0.4900,-21.7304,-20.9681,-20.9852,-20.6871,NaN,-1.8932,-1.9658,-7.7852,-9.2775,-7.0779,-8.5801,-9.1905,-9.2509,NaN,-22.9185,NaN,NaN,-19.5731,-21.9626,-21.9112,-21.7362,NaN,-8.0162,-16.4407,-32.1345,-32.3919,-11.7860,-18.6264,-10.2171,-2.9224,-2.5474,-2.5333,-1.3669,-1.4716,-4.0862,-2.0367,-2.3787,-3.0726,-4.7453,-5.2099,-4.8351,-10.3100,-10.2579,NaN,-10.8987,-10.9595,NaN,-11.5126,-11.2616,-10.3802,-13.4245,-13.4107,0.0033,-0.0185,-20.2994,-22.2691,-21.0099,-20.8424,NaN,NaN,NaN,-3.0063,-1.0545,-0.7316,NaN,-9.5225,-16.8203,-28.4464,-32.1336,-12.5051,-20.8895,-17.5857,NaN,NaN,-20.9006,-20.9790,-21.2351,-2.1911,NaN,-0.2719,-4.7551,-4.7626,-19.9810,-19.9810,-10.9509
0.5000,-21.6240,-20.9340,-20.9516,-20.6543,NaN,-1.8138,-1.9043,-7.7413,-9.2503,-7.0329,-8.5262,-9.1521,-9.2215,NaN,-22.8214,NaN,NaN,-19.5599,-21.9219,-21.8587,-21.7006,NaN,-8.3348,-16.3648,-32.1292,-32.3754,-11.9003,-18.5746,-10.0668,-2.9249,-2.4476,-2.4988,-1.2949,-1.4126,-4.1362,-1.9858,-2.3234,-2.9652,-4.7115,-5.1392,-4.7450,-10.3085,-10.2185,NaN,-10.8316,-10.8532,NaN,-11.4617,-11.1997,-10.3949,-13.2298,-13.3484,0.0011,-0.0146,-20.4334,-22.2200,-21.1119,-20.9020,NaN,NaN,NaN,-2.8994,-0.9601,-0.6719,NaN,-9.4705,-16.8118,-28.3285,-32.0485,-12.5027,-20.8666,-17.5326,NaN,NaN,-20.9440,-21.0157,-21.2503,-2.2000,NaN,-0.3122,-4.6789,-4.6972,NaN,NaN,-10.9372
0.5100,-21.5404,-20.9000,-20.9194,-20.6202,NaN,-1.7380,-1.8501,-7.6974,-9.2244,-6.9904,-8.4732,-9.1146,-9.1922,NaN,-22.7249,NaN,NaN,-19.5525,-21.8783,-21.8024,-21.6656,NaN,-8.6257,-16.2881,-32.1126,-32.3470,-12.0778,-18.5229,-9.9440,-2.9279,-2.3443,-2.4649,-1.2303,-1.2998,-4.2218,-1.9169,-2.2696,-2.8515,-4.6734,-5.0764,-4.6549,-10.2936,-10.1549,NaN,-10.7723,-10.7457,NaN,-11.3918,-11.1191,-10.4242,-13.0134,-13.3278,-0.0010,-0.0112,-20.5687,-22.1508,-21.2016,-20.9551,NaN,NaN,NaN,-2.7925,-0.9099,-0.6084,NaN,-9.4185,-16.8022,-28.1960,-31.9482,-12.5003,-20.8436,-17.4779,NaN,NaN,-21.5000,-21.0405,-21.2171,-2.2000,NaN,-0.3520,-4.6019,-4.6317,NaN,NaN,-10.9244
0.5200,-21.4547,-20.8669,-20.8888,-20.5861,NaN,-1.6681,-1.8018,-7.6536,-9.1996,-6.9493,-8.4208,-9.0780,-9.1631,NaN,-22.6265,NaN,NaN,-19.5467,-21.8272,-21.7435,-21.6293,NaN,-8.8898,-16.2107,-32.0834,-32.3052,-12.3743,-18.4714,-9.8353,-2.9309,-2.2459,-2.4307,-1.1946,-1.1316,-4.1496,-1.8492,-2.2124,-2.7409,-4.6284,-5.0073,-4.5660,-10.2693,-10.0781,NaN,-10.7260,-10.6517,NaN,-11.2322,-11.0304,-10.4400,-13.1740,-13.3487,-0.0033,-0.0080,-20.7054,-22.0637,-21.2798,-21.0020,NaN,NaN,NaN,-2.6866,-0.8711,-0.5490,NaN,-9.3671,-16.7916,-28.0507,-31.8308,-12.4978,-20.8200,-17.4217,NaN,NaN,-20.7908,-21.0695,-21.1389,-2.2000,NaN,-0.3899,-4.5252,-4.5668,NaN,NaN,-10.9124
0.5300,-21.3576,-20.8338,-20.8583,-20.5537,NaN,-1.6066,-1.7575,-7.6099,-9.1757,-6.9093,-8.3702,-9.0430,-9.1342,NaN,-22.5250,NaN,NaN,-19.5301,-21.7695,-21.6841,-21.5888,NaN,-9.1218,-16.1324,-32.0418,-32.2502,-12.7511,-18.4200,-9.7378,-2.9339,-2.1585,-2.3949,-1.1760,-1.0019,-4.1403,-1.8010,-2.1457,-2.6388,-4.5752,-4.9241,-4.4714,-10.2428,-9.9936,NaN,-10.6928,-10.5748,NaN,-10.9784,-10.9423,-10.3641,-13.6620,-13.3703,-0.0058,-0.0044,-20.8434,-21.9624,-21.3471,-21.0431,NaN,NaN,NaN,-2.5824,-0.8396,-0.5032,NaN,-9.3171,-16.7799,-27.8932,-31.6972,-12.4948,-20.7964,-17.3652,NaN,NaN,-20.4957,-21.0826,-21.0220,-2.2000,NaN,-0.4244,-4.4501,-4.5031,NaN,NaN,-10.9010
0.5400,-21.2680,-20.7986,-20.8268,-20.5242,NaN,-1.5567,-1.7163,-7.5661,-9.1523,-6.8687,-8.3200,-9.0092,-9.1052,NaN,-22.4190,NaN,NaN,-19.5144,-21.7089,-21.6238,-21.5435,NaN,-9.3210,-16.0538,-31.9858,-32.1803,-13.1603,-18.3685,-9.6484,-2.9366,-2.0923,-2.3565,-1.1629,-0.9809,-4.2358,-1.7470,-2.0677,-2.5401,-4.5021,-4.8316,-4.3407,-10.2111,-9.8927,NaN,-10.6547,-10.4935,NaN,-10.7673,-10.8524,-10.2023,-13.8343,-13.3192,-0.0085,-0.0005,-20.9847,-21.8470,-21.4040,-21.0784,NaN,NaN,NaN,-2.4807,-0.8114,-0.4761,NaN,-9.2696,-16.7678,-27.7224,-31.5439,-12.4915,-20.7725,-17.3076,NaN,NaN,-20.6368,-21.0904,-20.8729,-2.2000,NaN,-0.4541,-4.3779,-4.4415,NaN,NaN,-10.8901
0.5500,-21.1799,-20.7584,-20.7945,-20.4961,NaN,-1.5151,-1.6774,-7.5220,-9.1292,-6.8272,-8.2713,-8.9760,-9.0764,NaN,-22.3095,NaN,NaN,-19.5041,-21.6484,-21.5617,-21.4969,NaN,-9.4870,-15.9745,-31.9141,-32.0939,-13.5483,-18.3170,-9.5649,-2.9386,-2.0432,-2.3143,-1.1499,-0.9820,-4.0302,-1.6295,-1.9802,-2.4413,-4.3935,-4.7398,-4.1959,-10.1708,-9.7743,NaN,-10.5872,-10.3859,-10.2449,-10.6606,-10.7594,-10.0543,-13.8298,-13.1560,-0.0111,0.0033,-21.1291,-21.7208,-21.4523,-21.1091,NaN,-21.1638,NaN,-2.3825,-0.7829,-0.4608,NaN,-9.2251,-16.7554,-27.5380,-31.3753,-12.4877,-20.7482,-17.2497,NaN,NaN,-20.8748,-21.0969,-20.6978,-2.2000,NaN,-0.4776,-4.3096,-4.3825,NaN,NaN,-10.8797
0.5600,-21.0909,-20.7135,-20.7614,-20.4686,NaN,-1.4769,-1.6398,-7.4779,-9.1063,-6.7861,-8.2235,-8.9440,-9.0476,NaN,-22.1964,NaN,NaN,-19.4898,-21.5871,-21.5011,-21.4519,NaN,-9.6186,-15.8942,-31.8267,-31.9912,-13.8718,-18.2656,-9.4850,-2.9398,-1.9998,-2.2653,-1.1317,-0.9837,-4.0573,-1.4686,-1.8864,-2.3390,-4.2644,-4.6503,-4.0641,-10.1221,-9.6317,NaN,-10.4654,-10.2415,-10.1868,-10.5804,-10.6620,-9.9387,-13.8198,-13.0079,-0.0136,0.0065,-21.2769,-21.5440,-21.4922,-21.1352,NaN,-21.4743,NaN,-2.2884,-0.7502,-0.4489,NaN,-9.1848,-16.7432,-27.3446,-31.1835,-12.4836,-20.7240,-17.1897,NaN,NaN,-21.1520,-21.0959,-20.5031,-2.2000,NaN,-0.4933,-4.2467,-4.3270,NaN,NaN,-10.8696
0.5700,-20.9941,-20.6692,-20.7266,-20.4408,NaN,-1.4366,-1.6025,-7.4340,-9.0832,-6.7448,-8.1758,-8.9126,-9.0189,NaN,-22.0797,NaN,NaN,-19.4663,-21.5249,-21.4448,-21.4092,NaN,-9.7144,-15.8120,-31.7209,-31.8708,-14.0799,-18.2141,-9.4058,-2.9396,-1.9607,-2.2087,-1.0983,-0.9859,-4.1685,-1.3569,-1.7905,-2.2299,-4.1369,-4.5612,-3.9551,-10.0551,-9.4600,NaN,-10.3181,-10.0808,-10.0905,-10.5100,-10.5588,-9.8321,-13.4891,-12.8615,-0.0158,0.0088,-21.4283,-21.2641,-21.5245,-21.1570,NaN,-21.7333,NaN,-2.1990,-0.7093,-0.4390,NaN,-9.1502,-16.7312,-27.1301,-30.9734,-12.4792,-20.6999,-17.1291,NaN,NaN,-21.4013,-21.0748,-20.2952,-2.2000,NaN,-0.4999,-4.1903,-4.2761,NaN,NaN,-10.8597
0.5800,-20.9063,-20.6311,-20.6883,-20.4126,NaN,-1.3885,-1.5647,-7.3899,-9.0598,-6.7034,-8.1292,-8.8816,-8.9905,NaN,-21.9593,NaN,NaN,-19.4328,-21.4623,-21.3930,-21.3676,NaN,-9.7717,-15.7288,-31.5983,-31.7321,-14.1285,-18.1626,-9.3266,-2.9328,-1.9246,-2.1471,-1.0450,-0.9881,-3.9576,-1.2668,-1.6911,-2.1137,-4.0102,-4.4712,-3.8466,-9.9709,-9.2783,NaN,-10.1802,-9.9302,-9.9703,-10.4458,-10.4490,-9.7423,-12.8311,-12.7710,-0.0177,0.0099,-21.5981,-20.9216,-21.5500,-21.1749,NaN,-21.9441,NaN,-2.1167,-0.6587,-0.4288,NaN,-9.1193,-16.7199,-26.8699,-30.7439,-12.4742,-20.6756,-17.0667,NaN,NaN,-21.5652,-21.0351,-20.0804,-2.2000,NaN,-0.4959,-4.1421,-4.2324,NaN,NaN,-10.8501
0.5900,-20.8248,-20.5986,-20.6456,-20.3846,NaN,-1.3280,-1.5253,-7.3456,-9.0358,-6.6617,-8.0830,-8.8514,-8.9621,NaN,-21.8354,NaN,NaN,-19.3909,-21.3984,-21.3423,-21.3258,NaN,-9.7900,-15.6468,-31.4550,-31.5775,-14.0990,-18.1112,-9.2439,-2.9178,-1.8913,-2.0830,-0.9850,-0.9900,-3.9892,-1.1563,-1.5857,-1.9938,-3.8780,-4.3836,-3.7168,-9.8772,-9.0978,NaN,-10.0406,-9.7864,-9.7786,-10.3894,-10.3296,-9.6791,-12.6474,-12.7727,-0.0191,0.0089,-21.7755,-20.5481,-21.5696,-21.1892,NaN,-22.1099,NaN,-2.0392,-0.6010,-0.4163,NaN,-9.0918,-16.7088,-26.5944,-30.4948,-12.4688,-20.6517,-17.0040,NaN,NaN,-21.6235,-20.9844,-19.8650,-2.2000,NaN,-0.4815,-4.1011,-4.1946,NaN,NaN,-10.8409
0.6000,-20.7298,-20.5689,-20.6012,-20.3565,NaN,-1.2555,-1.4832,-7.3012,-9.0110,-6.6184,-8.0368,-8.8218,-8.9336,NaN,-21.7067,NaN,NaN,-19.3641,-21.3345,-21.2885,-21.2837,NaN,-9.7780,-15.5668,-31.2952,-31.3961,-14.0373,-18.0597,-9.1562,-2.8968,-1.8596,-2.0192,-0.9309,-0.9913,-4.0255,-1.0210,-1.4788,-1.8721,-3.7419,-4.2866,-3.5573,-9.7700,-8.9104,NaN,-9.8918,-9.6381,-9.5437,-10.3222,-10.1914,-9.6231,-12.6349,-12.7807,-0.0198,0.0050,-21.7984,-20.1403,-21.5838,-21.2004,NaN,-22.2329,NaN,-1.9649,-0.5395,-0.4012,NaN,-9.0659,-16.6977,-26.3398,-30.2119,-12.4628,-20.6276,-16.9406,NaN,NaN,-21.6547,-20.9136,-19.6554,-2.2000,NaN,-0.4584,-4.0652,-4.1606,NaN,NaN,-10.8320
0.6100,-20.6335,-20.5385,-20.5596,-20.3283,NaN,-1.1716,-1.4383,-7.2567,-8.9857,-6.5742,-7.9912,-8.7921,-8.9053,NaN,-21.5692,NaN,NaN,-19.3504,-21.2726,-21.2271,-21.2422,NaN,-9.7452,-15.4880,-31.1129,-31.2048,-13.9512,-18.0082,-9.0611,-2.8711,-1.8288,-1.9580,-0.8902,-0.9915,-4.0053,-0.9104,-1.3729,-1.7504,-3.6016,-4.1826,-3.3906,-9.6469,-8.7156,NaN,-9.7273,-9.4816,-9.3283,-10.2257,-10.0441,-9.5462,-12.6304,-12.7701,-0.0200,-0.0008,-21.7879,-19.6601,-21.5939,-21.2090,NaN,-22.3186,NaN,-1.8923,-0.4773,-0.3844,NaN,-9.0395,-16.6865,-26.0762,-29.9117,-12.4563,-20.6030,-16.8759,NaN,NaN,-21.6595,-20.8155,-19.4580,-2.2000,NaN,-0.4283,-4.0324,-4.1285,NaN,NaN,-10.8236
0.6200,-20.5391,-20.5057,-20.5219,-20.3006,NaN,-1.0784,-1.3921,-7.2121,-8.9601,-6.5274,-7.9452,-8.7630,-8.8771,NaN,-21.4211,NaN,NaN,-19.3298,-21.2149,-21.1601,-21.1999,NaN,-9.6935,-15.4095,-30.9093,-30.9839,-13.8499,-17.9568,-8.9561,-2.8426,-1.7984,-1.9022,-0.8498,-0.9772,-4.0683,-0.8256,-1.2731,-1.6261,-3.4596,-4.0591,-3.2433,-9.5120,-8.5062,NaN,-9.5403,-9.3207,-9.1261,-10.1010,-9.9009,-9.4235,-12.6381,-12.6517,-0.0200,-0.0073,-21.7676,NaN,-21.6003,-21.2151,NaN,-22.3689,NaN,-1.8219,-0.4176,-0.3669,NaN,-9.0136,-16.6748,-25.8285,-29.5937,-12.4494,-20.5779,-16.8116,NaN,NaN,-21.6552,-20.6996,-19.2790,-2.2000,NaN,-0.3927,-4.0005,-4.0964,NaN,NaN,-10.8157
0.6300,-20.4516,-20.4717,-20.4861,-20.2731,NaN,-0.9773,-1.3460,-7.1676,-8.9342,-6.4787,-7.8997,-8.7341,-8.8491,NaN,-21.2581,NaN,NaN,-19.2862,-21.1596,-21.0928,-21.1560,NaN,-9.6242,-15.3299,-30.6863,-30.7436,-13.7389,-17.9053,-8.8424,-2.8121,-1.7678,-1.8543,-0.8147,-0.9462,-4.0655,-0.7502,-1.1759,-1.4991,-3.3136,-3.8914,-3.1066,-9.3665,-8.2858,NaN,-9.3477,-9.1485,-8.9329,-9.9627,-9.7671,-9.2652,-12.6501,-12.4912,-0.0200,-0.0135,-21.7373,NaN,-21.6039,-21.2193,NaN,-22.3868,NaN,-1.7537,-0.3636,-0.3481,NaN,-8.9882,-16.6626,-25.5073,-29.2543,-12.4422,-20.5522,-16.7458,NaN,NaN,-21.6454,-20.5540,-19.1249,-2.2000,NaN,-0.3534,-3.9675,-4.0621,NaN,NaN,-10.8080
0.6400,-20.3536,-20.4369,-20.4501,-20.2449,-1.4698,NaN,-1.3014,-7.1231,-8.9082,-6.4286,-7.8540,-8.7050,-8.8211,NaN,-21.0908,NaN,NaN,-19.2437,-21.1027,-21.0291,-21.1111,NaN,-9.5391,-15.2497,-30.4385,-30.4828,-13.6273,-17.8538,-8.7203,-2.7814,-1.7377,-1.8169,-0.7929,-0.9061,-3.9818,-0.6793,-1.0799,-1.3735,-3.1678,-3.6737,-2.9748,-9.2041,-8.0782,NaN,-9.1708,-8.9623,-8.7633,-9.8108,-9.6295,-9.0979,-12.5923,-12.3372,-0.0200,-0.0181,-21.6965,NaN,-21.6056,-21.2220,NaN,-22.3602,NaN,-1.6878,-0.3191,-0.3284,NaN,-8.9635,-16.6498,-24.9387,-28.8912,-12.4345,-20.5253,-16.6797,NaN,NaN,-21.6294,-20.3848,-19.0019,-2.2000,NaN,-0.3120,-3.9313,-4.0238,NaN,NaN,-10.8007
0.6500,-20.2511,-20.4029,-20.4124,-20.2150,-1.3893,NaN,-1.2597,-7.0785,-8.8820,-6.3765,-7.8075,-8.6763,-8.7931,NaN,-20.9292,NaN,NaN,-19.1984,-21.0404,-20.9696,-21.0655,NaN,-9.4388,-15.1694,-30.1731,-30.1973,-13.5221,-17.8024,-8.5940,-2.7521,-1.7082,-1.7925,-0.7904,-0.8646,-3.9673,-0.6153,-0.9834,-1.2518,-3.0200,-3.4659,-2.8403,-9.0352,-7.9016,NaN,-9.0081,-8.7645,-8.6283,-9.6402,-9.4738,-8.8998,-12.2839,-12.1587,-0.0200,-0.0200,-21.6449,NaN,-21.6060,-21.2233,NaN,-22.2696,NaN,-1.6243,-0.2828,-0.3075,NaN,-8.9396,-16.6365,-24.7773,-28.4991,-12.4266,-20.4979,-16.6122,NaN,NaN,-21.6058,-20.1779,-18.9165,-2.2000,NaN,-0.2701,-3.8900,-3.9795,NaN,NaN,-10.7935
0.6600,-20.1560,-20.3701,-20.3732,-20.1828,-1.3126,NaN,-1.2224,-7.0340,-8.8556,-6.3229,-7.7612,-8.6474,-8.7652,NaN,-20.7704,NaN,NaN,-19.1330,-20.9705,-20.9106,-21.0200,NaN,-9.3266,-15.0889,-29.8801,-29.8987,-13.4186,-17.7509,-8.4639,-2.7257,-1.6798,-1.7767,-0.7955,-0.8108,-3.9186,-0.5483,-0.8834,-1.1361,-2.8726,-3.2937,-2.7078,-8.8643,-7.7380,NaN,-8.8460,-8.5477,-8.4925,-9.4684,-9.2865,-8.6951,-11.9910,-11.9563,-0.0200,-0.0190,-21.5825,NaN,-21.5973,-21.2239,NaN,-22.1198,NaN,-1.5633,-0.2493,-0.2858,NaN,-8.9166,-16.6230,-24.5205,-28.0841,-12.4185,-20.4703,-16.5447,NaN,NaN,-21.5732,-19.9396,-18.8750,-2.2000,NaN,-0.2294,-3.8414,-3.9271,NaN,NaN,-10.7866
0.6700,-20.0626,-20.3371,-20.3333,-20.1488,-1.2400,NaN,-1.1908,-6.9900,-8.8291,-6.2687,-7.7144,-8.6184,NaN,NaN,-20.6086,NaN,NaN,-19.0685,-20.8981,-20.8474,-20.9750,NaN,-9.2036,-15.0084,-29.5625,-29.5757,-13.3067,-17.6994,-8.3323,-2.7036,-1.6531,-1.7632,-0.8026,-0.7469,-3.8203,-0.4771,-0.7677,-1.0246,-2.7251,-3.1350,-2.5695,-8.6869,-7.5704,NaN,-8.6736,-8.3046,-8.3095,-9.3049,-9.0798,-8.5256,-11.8101,-11.7222,-0.0200,-0.0161,-21.5089,NaN,-21.5273,-21.2240,NaN,-21.9110,NaN,-1.5048,-0.2154,-0.2630,NaN,-8.8946,-16.6089,-23.5781,-27.6437,-12.4102,-20.4428,-16.4765,NaN,NaN,-21.4996,-19.6612,-18.8746,-2.1988,NaN,-0.1915,-3.7834,-3.8647,NaN,NaN,-10.7795
0.6800,-19.9619,-20.3020,-20.2936,-20.1147,-1.1718,NaN,-1.1661,-6.9463,-8.8023,-6.2130,-7.6664,-8.5900,NaN,NaN,-20.4381,NaN,NaN,-18.9990,-20.8289,-20.7785,-20.9299,NaN,-9.0713,-14.9275,-29.2273,-29.2225,-13.1796,-17.6480,-8.2006,-2.6848,-1.6280,-1.7515,-0.8083,-0.6929,-3.7036,-0.4157,-0.6498,-0.9143,-2.5796,-2.9926,-2.4197,-8.5027,-7.3874,NaN,-8.4930,-8.0192,-8.0418,-9.1433,-8.8738,-8.4041,-11.6395,-11.4657,-0.0200,-0.0122,-21.4245,NaN,-21.3921,-21.1842,NaN,-21.6475,NaN,-1.4490,-0.1819,-0.2390,NaN,-8.8738,-16.5947,-23.3558,-27.1830,-12.4016,-20.4157,-16.4072,NaN,NaN,-20.7636,-19.3538,-18.8872,-2.1821,NaN,-0.1581,-3.7140,-3.7890,NaN,NaN,-10.7725
0.6900,-19.8418,-20.2606,-20.2532,-20.0820,-1.1087,NaN,-1.1448,-6.9028,-8.7753,-6.1570,-7.6180,-8.5618,NaN,NaN,-20.2572,NaN,NaN,-18.9151,-20.7620,-20.7067,-20.8845,NaN,-8.9305,-14.8470,-28.8644,-28.8506,-13.0291,-17.5965,-8.0701,-2.6672,-1.6054,-1.7414,-0.8055,-0.6554,-3.7280,-0.3790,-0.5481,-0.8037,-2.4363,-2.8820,-2.2605,-8.3087,-7.1966,NaN,-8.3053,-7.7383,-7.7393,-8.9712,-8.6749,-8.2899,-11.4239,-11.1630,-0.0200,-0.0078,-21.3280,NaN,-21.1977,-21.0387,NaN,-21.3326,NaN,-1.3954,-0.1491,-0.2141,NaN,-8.8544,-16.5802,-23.2007,-26.6940,-12.3927,-20.3899,-16.3382,NaN,NaN,-20.3633,-18.9991,-18.9075,-2.1486,NaN,-0.1307,-3.5874,-3.6149,NaN,NaN,-10.7652
0.7000,-19.7485,-20.2135,-20.2128,-20.0512,-1.0500,NaN,-1.1240,-6.8597,-8.7481,-6.0998,-7.5683,-8.5338,NaN,NaN,-20.0729,NaN,NaN,-18.8371,-20.6965,-20.6346,-20.8395,NaN,-8.7830,-14.7668,-28.4832,-28.4662,-12.8453,-17.5448,-7.9444,-2.6504,-1.5853,-1.7324,-0.7526,-0.6205,-3.7347,-0.3728,-0.4846,-0.6855,-2.2902,-2.7833,-2.0979,-8.1071,-7.0056,NaN,-8.1100,-7.5133,-7.4631,-8.7785,-8.4751,-8.1423,-11.1728,-10.8452,-0.0200,-0.0038,-21.2194,NaN,-20.9496,-20.8099,NaN,-20.9694,NaN,-1.3450,-0.1171,-0.1881,NaN,-8.8364,-16.5655,-22.9177,-26.1751,-12.3830,-20.3648,-16.2680,NaN,NaN,-20.1731,-18.5970,-18.9323,-2.1019,NaN,-0.1112,-3.3495,-3.3344,NaN,NaN,-10.7578
0.7100,-19.6602,-20.1657,-20.1736,-20.0209,-0.9942,NaN,-1.1044,-6.8170,NaN,-6.0411,-7.5188,-8.5061,NaN,NaN,-19.8933,NaN,NaN,-18.7510,-20.6325,-20.5655,-20.7944,-8.3913,-8.6322,-14.6870,-28.0728,-28.0384,-12.5961,-17.4931,-7.8252,-2.6343,-1.5683,-1.7242,-0.6689,-0.5950,-3.6651,-0.3710,-0.4511,-0.5371,-2.1445,-2.6542,-1.9423,-7.9006,-6.8213,NaN,-7.9072,-7.3282,-7.2080,-8.5681,-8.2698,-7.9423,-10.8694,-10.5840,-0.0201,-0.0009,-21.0985,NaN,-20.6539,-20.5222,NaN,-20.5611,NaN,-1.2974,-0.0862,NaN,NaN,-8.8199,-16.5503,-22.4911,-25.6449,-12.3726,-20.3399,-16.1979,NaN,NaN,-20.0543,-18.1488,-18.9585,-2.0457,NaN,-0.1010,-3.0550,-3.0102,NaN,NaN,-10.7501
0.7200,-19.5644,-20.1235,-20.1369,-19.9908,-0.9397,NaN,-1.0866,-6.7746,NaN,-5.9817,-7.4690,-8.4785,NaN,NaN,-19.7226,NaN,NaN,-18.6422,NaN,-20.4978,-20.7491,-8.0948,-8.4784,-14.6081,-27.6414,-27.6090,-12.1846,-17.4416,-7.7120,-2.6185,-1.5545,-1.7164,-0.5958,-0.5864,-3.6146,-0.3695,-0.4270,-0.3864,-1.9972,-2.4279,-1.7856,-7.7017,-6.6372,NaN,-7.6964,-7.1452,-6.9589,-8.3493,-8.0561,-7.7139,-10.4559,-10.3665,-0.0209,0.0000,-20.9655,NaN,-20.3198,-20.2037,NaN,-20.1156,NaN,-1.2515,-0.0565,NaN,NaN,-8.8052,-16.5349,-21.5923,-25.0836,-12.3617,-20.3151,-16.1264,NaN,NaN,-19.9511,-17.6423,-18.9831,-1.9837,NaN,-0.1009,-2.7613,-2.7048,NaN,NaN,-10.7421
0.7300,-19.4565,-20.0890,-20.1039,-19.9590,-0.8849,NaN,-1.0710,-6.7322,NaN,-5.9205,-7.4188,-8.4511,NaN,NaN,-19.5398,NaN,NaN,-18.5356,NaN,-20.4297,NaN,-7.7943,-8.2939,-14.5282,-27.1912,-27.1402,-11.7131,-17.3901,-7.6001,-2.6030,-1.5431,-1.7087,-0.5401,-0.6022,-3.5654,-0.3684,-0.4065,-0.2714,-1.8523,-2.1497,-1.6233,-7.5101,-6.4400,NaN,-7.4702,-6.9403,-6.7075,-8.1281,-7.8363,-7.4872,-10.0382,-10.1113,-0.0226,0.0000,-20.8206,NaN,-19.9463,-19.8723,NaN,NaN,NaN,-1.2066,-0.0282,NaN,NaN,-8.7922,-16.5193,-21.2953,-24.5056,-12.3503,-20.2895,-16.0551,NaN,NaN,-19.8056,-17.0897,-19.0029,-1.9197,NaN,-0.1067,-2.5256,-2.4807,NaN,NaN,-10.7336
0.7400,-19.3489,-20.0569,-20.0717,-19.9261,-0.8291,NaN,-1.0580,-6.6900,NaN,-5.8580,-7.3694,-8.4238,NaN,NaN,-19.3201,NaN,NaN,-18.4272,NaN,-20.3618,NaN,-7.4933,-8.0607,-14.4461,-26.7134,-26.6636,-11.2445,-17.3387,-7.4861,-2.5873,-1.5333,-1.7006,-0.4826,-0.6329,-3.5381,-0.3676,-0.3837,-0.2313,-1.7083,-1.9188,-1.4323,-7.3122,-6.2095,-6.2214,-7.2174,-6.7173,-6.4537,-7.9008,-7.6101,-7.2546,-9.7492,-9.7491,-0.0250,0.0000,-20.6620,NaN,-19.5424,-19.5234,NaN,NaN,NaN,-1.1629,-0.0016,NaN,NaN,-8.7812,-16.5033,-20.4947,-23.8978,-12.3383,-20.2625,-15.9827,NaN,NaN,-19.5627,-16.4708,-19.0149,-1.8572,NaN,-0.1173,-2.4053,-2.4452,NaN,NaN,-10.7243
0.7500,-19.2471,-20.0232,-20.0369,-19.8925,-0.7737,NaN,-1.0481,-6.6476,NaN,-5.7951,-7.3205,-8.3965,NaN,NaN,-19.0747,NaN,NaN,-18.3029,NaN,-20.2947,NaN,-7.1917,-7.7870,-14.3571,-26.2183,-26.1729,-10.7458,-17.2872,-7.3662,-2.5712,-1.5242,-1.6919,-0.4315,-0.6621,-3.5764,-0.3671,-0.3522,-0.2596,-1.5676,-1.7462,-1.2377,-7.0917,-5.9616,-5.9603,-6.9620,-6.4804,-6.2000,-7.6734,-7.3766,-7.0227,-9.5080,-9.3386,-0.0278,0.0000,-20.4900,NaN,-19.1139,-19.1049,NaN,NaN,NaN,-1.1203,0.0230,NaN,NaN,-8.7722,-16.4874,-19.7282,-23.2684,-12.3261,-20.2345,-15.9104,NaN,NaN,-18.8972,-15.8032,-18.9963,-1.8000,NaN,-0.1321,-5.5000,NaN,NaN,NaN,-10.7144
0.7600,-19.1450,-19.9832,-19.9958,-19.8588,-0.7207,NaN,-1.0418,-6.6053,NaN,NaN,-7.2720,-8.3694,NaN,NaN,-18.8353,NaN,NaN,-18.1715,NaN,-20.2266,NaN,-6.8894,-7.4807,-14.2714,-25.7001,-25.6467,-10.2069,-17.2357,-7.2359,-2.5545,-1.5149,-1.6821,-0.3952,-0.6737,-3.4963,-0.3670,-0.3122,-0.3170,-1.4214,-1.5961,-1.0893,-6.8450,-5.7423,-5.7338,-6.7365,-6.2292,-5.9474,-7.4494,-7.1351,-6.7985,-9.2096,-8.9501,-0.0307,0.0000,-20.3045,NaN,-18.6667,-18.6208,NaN,NaN,NaN,-1.0791,0.0456,NaN,NaN,-8.7656,-16.4713,-19.6303,-22.6181,-12.3133,-20.2057,-15.8378,NaN,NaN,-15.9302,-15.0718,-18.7869,-1.7409,NaN,-0.1505,NaN,NaN,NaN,NaN,-10.7041
0.7700,-19.0427,-19.9368,-19.9491,-19.8252,-0.6722,NaN,NaN,-6.5634,NaN,NaN,-7.2250,-8.3424,NaN,NaN,-18.6044,NaN,NaN,-18.0455,NaN,-20.1570,NaN,-6.5865,-7.1489,-14.1975,-25.1601,-25.0858,-9.6079,-17.1843,-7.0936,-2.5370,-1.5046,-1.6716,-0.3815,-0.6547,-3.3778,-0.3820,-0.2740,-0.3768,-1.2739,-1.4616,-0.9943,-6.5701,-5.5767,-5.5563,-6.5351,-5.9544,-5.6943,-7.2278,-6.8922,-6.5909,-8.8343,-8.5670,-0.0336,0.0000,-20.1056,NaN,-18.2065,-18.0768,NaN,NaN,NaN,-1.0394,0.0662,NaN,NaN,-8.7616,-16.4554,-19.4752,-21.9486,-12.2996,-20.1758,-15.7646,NaN,NaN,-15.6865,-14.2624,-18.3832,-1.6731,NaN,-0.1720,NaN,NaN,NaN,NaN,-10.6935
0.7800,-18.9410,-19.8892,-19.9018,-19.7910,-0.6308,NaN,NaN,-6.5215,NaN,NaN,-7.1788,-8.3152,NaN,NaN,-18.3749,NaN,NaN,-17.9159,NaN,-20.0853,NaN,-6.2828,-6.7987,NaN,-24.6001,-24.5073,-8.9540,-17.1328,-6.9338,-2.5174,-1.4923,-1.6609,-0.4107,-0.6167,-3.3414,-0.4017,-0.2491,-0.4124,-1.1365,-1.3431,-0.9149,-6.3008,-5.3938,-5.3813,-6.2566,-5.6699,-5.4406,-6.9908,-6.6577,-6.3803,-8.4277,-8.1759,-0.0362,0.0000,-19.8940,NaN,-17.7165,-17.4789,NaN,NaN,NaN,-1.0013,0.0842,NaN,NaN,-8.7594,-16.4394,-17.9626,-21.2487,-12.2851,-20.1456,-15.6918,NaN,NaN,-15.9204,-13.3979,-17.8237,-1.6005,NaN,-0.1959,NaN,NaN,NaN,NaN,-10.6831
0.7900,-18.8465,-19.8445,-19.8583,-19.7574,-0.5966,NaN,NaN,-6.4798,NaN,NaN,-7.1347,-8.2885,NaN,NaN,-18.1450,NaN,NaN,-17.7605,NaN,-20.0113,NaN,-5.9820,-6.4437,NaN,-24.0211,-23.9253,-8.3194,-17.0813,-6.7473,-2.4944,-1.4775,-1.6500,-0.4735,-0.5778,-3.2635,-0.4065,-0.2453,-0.4022,-1.0157,-1.2356,-0.8116,-6.0608,-5.1725,-5.1707,-5.9755,-5.3803,-5.1892,-6.7109,-6.4154,-6.1507,-8.0131,-7.7746,-0.0383,0.0000,-19.6670,NaN,-17.0708,-16.8396,NaN,NaN,-15.1626,-0.9649,0.0997,NaN,NaN,NaN,-16.4230,-17.8075,-20.5445,-12.2693,-20.1149,-15.6179,NaN,NaN,-16.2672,-12.4705,-17.1473,-1.5273,NaN,-0.2218,NaN,NaN,NaN,NaN,-10.6730
0.8000,-18.7433,-19.8038,-19.8186,-19.7247,-0.5640,NaN,NaN,-6.4382,NaN,NaN,-7.0923,-8.2618,NaN,NaN,-17.9154,NaN,NaN,-17.5877,NaN,-19.9373,NaN,-5.6773,-6.0894,NaN,-23.4300,-23.3118,-7.7065,-17.0299,-6.5226,-2.4687,-1.4546,-1.6391,-0.5387,-0.5501,NaN,-0.4088,-0.2477,-0.3596,-0.9191,-1.1370,-0.6423,-5.8283,-4.8720,-4.9161,-5.7370,-5.1015,-4.9400,-6.4118,-6.1288,-5.8950,-7.5834,-7.3700,-0.0396,0.0000,-19.4253,NaN,-16.2566,-16.1085,NaN,NaN,-13.8532,-0.9303,0.1124,NaN,NaN,NaN,-16.4063,-17.2449,-19.8109,-12.2510,-20.0833,-15.5443,NaN,NaN,-16.6483,-11.5182,-16.3925,-1.4573,NaN,-0.2489,NaN,NaN,NaN,NaN,-10.6637
0.8100,-18.6337,-19.7647,-19.7800,-19.6942,-0.5272,NaN,NaN,-6.3968,NaN,NaN,-7.0509,-8.2349,NaN,NaN,-17.6851,NaN,NaN,-17.4154,NaN,-19.8641,NaN,-5.3721,-5.7411,NaN,-22.8138,-22.6877,-7.0906,-16.9784,-6.2678,-2.4416,-1.4192,-1.6282,-0.5732,-0.5255,NaN,NaN,-0.2516,-0.3072,-0.8348,-1.0537,-0.4886,-5.5771,-4.6003,-4.6740,-5.4605,-4.8934,-4.6880,-6.1182,-5.8755,-5.6430,-7.1795,-6.9771,-0.0400,0.0000,-19.1687,NaN,-15.3076,-15.1762,NaN,NaN,-12.6065,-0.8977,0.1220,NaN,NaN,NaN,-16.3888,-16.4138,-19.0534,-12.2264,-20.0502,-15.4696,NaN,NaN,-16.9878,-10.4665,-15.5979,-1.3948,NaN,-0.2767,NaN,NaN,NaN,NaN,-10.6550
0.8200,-18.5326,-19.7254,-19.7409,-19.6660,-0.4795,NaN,NaN,-6.3554,NaN,NaN,-7.0106,-8.2085,NaN,NaN,-17.4529,NaN,NaN,-17.2583,NaN,-19.7896,NaN,-5.0663,-5.4102,NaN,-22.1865,-22.0540,-6.4477,-16.9269,-5.9927,-2.4144,-1.3756,-1.6172,-0.5399,-0.5017,NaN,NaN,-0.2559,-0.2674,-0.7635,-0.9682,-0.4550,-5.2518,-4.3549,-4.4689,-5.1531,-4.6388,-4.4138,-5.8274,-5.6388,-5.3644,-6.7932,-6.5896,-0.0399,0.0000,-18.8976,NaN,-14.2519,-14.0743,NaN,NaN,-11.4213,-0.8670,0.1285,NaN,NaN,NaN,-16.3706,-15.7552,-18.2879,-12.1981,-20.0161,-15.3955,NaN,NaN,-17.2073,-9.2419,-14.8023,-1.3436,NaN,-0.3047,NaN,NaN,NaN,NaN,-10.6469
0.8300,-18.4684,-19.6861,-19.6998,-19.6386,-0.3967,NaN,NaN,-6.3142,NaN,NaN,-6.9710,-8.1822,NaN,NaN,-17.2184,NaN,NaN,-17.0768,NaN,-19.7163,NaN,-4.7591,-5.0753,NaN,-21.5454,-21.3988,-5.7183,-16.8755,-5.7035,-2.3885,-1.3276,-1.6063,-0.4450,-0.4778,NaN,NaN,-0.2595,-0.2592,-0.7036,-0.8448,-0.4550,-4.9300,-4.0985,-4.2258,-4.8161,-4.3391,-4.1184,-5.5544,-5.2700,-5.0628,-6.3969,-6.1664,-0.0397,0.0000,-18.6130,NaN,-13.1175,-12.8454,NaN,NaN,-10.2961,-0.8387,0.1313,NaN,NaN,NaN,-16.3512,-15.0750,-17.5043,-12.1699,-19.9816,-15.3204,NaN,NaN,-17.1389,-7.9095,-14.0410,-1.3078,NaN,-0.3322,NaN,NaN,NaN,NaN,-10.6393
0.8400,-18.4068,-19.6466,-19.6576,-19.6108,-0.2907,NaN,NaN,-6.2731,NaN,NaN,-6.9320,-8.1559,NaN,NaN,-16.9834,NaN,NaN,-16.8606,NaN,-19.6468,NaN,-4.4503,-4.7283,NaN,-20.8897,-20.7204,-4.9942,-16.8240,-5.4149,-2.3651,-1.2807,-1.5954,-0.3394,-0.4492,NaN,NaN,-0.2628,-0.2614,-0.6456,-0.6432,-0.4550,-4.6082,-3.8517,-3.9347,-4.5186,-4.0383,-3.8223,-5.3057,-4.9553,-4.8159,-5.9629,-5.6827,-0.0393,0.0000,-18.3114,NaN,-11.9324,-11.5323,NaN,NaN,-9.2294,-0.8128,0.1316,NaN,NaN,NaN,-16.3310,-14.3996,-16.7057,-12.1465,-19.9483,-15.2458,NaN,NaN,-16.3234,-6.5367,-13.2044,-1.2876,NaN,-0.3587,NaN,NaN,NaN,NaN,-10.6317
0.8500,-18.2332,-19.6071,-19.6149,-19.5817,-0.1932,NaN,NaN,-6.2319,NaN,NaN,-6.8942,-8.1296,NaN,NaN,-16.7431,NaN,NaN,-16.6711,NaN,-19.5813,NaN,-4.1434,-4.3738,NaN,-20.2234,-20.0598,-4.3785,-16.7725,-5.1336,-2.3452,-1.2387,-1.5847,-0.2742,-0.4180,NaN,NaN,-0.2661,-0.2651,-0.6207,-0.4791,-0.4550,-4.2914,-3.5886,-3.5849,-4.2195,-3.7740,-3.5257,-5.0258,-4.7308,-4.5429,-5.5224,-5.2048,-0.0388,0.0000,-17.9935,NaN,-10.7369,-10.1913,NaN,NaN,-8.2296,NaN,0.1315,NaN,NaN,NaN,-16.3099,-13.6053,-15.8864,-12.1319,-19.9169,-15.1711,NaN,NaN,-15.5509,-5.2690,-12.2487,-1.2724,NaN,-0.3836,NaN,NaN,NaN,NaN,-10.6242
0.8600,-18.0297,-19.5667,-19.5723,-19.5518,-0.1357,NaN,NaN,-6.1909,NaN,NaN,-6.8569,-8.1036,NaN,NaN,-16.4930,NaN,NaN,-16.4476,NaN,-19.5169,NaN,-3.8328,-4.0146,NaN,-19.5412,-19.3522,-3.8182,-16.7210,-4.8515,-2.3303,-1.2062,-1.5740,-0.2398,-0.3933,NaN,NaN,-0.2693,-0.2694,-0.6455,-0.4607,-0.4550,-3.9417,-3.2415,-3.2813,-3.8832,-3.5167,-3.2279,-4.7193,-4.4286,-4.2412,-5.0912,-4.8003,-0.0380,0.0001,-17.6596,NaN,-9.5346,-8.8379,NaN,NaN,-7.2752,NaN,0.1311,NaN,NaN,NaN,-16.2885,-13.0584,-15.0599,-12.1259,-19.8876,-15.0953,NaN,NaN,-14.7337,-4.4940,-11.2101,-1.2601,NaN,-0.4065,NaN,NaN,NaN,NaN,-10.6168
0.8700,-17.8885,-19.5241,-19.5297,-19.5211,-0.1300,NaN,NaN,-6.1503,NaN,NaN,-6.8209,-8.0776,NaN,NaN,-16.2392,NaN,NaN,-16.2249,NaN,-19.4496,NaN,-3.5221,-3.6615,NaN,-18.8523,-18.6692,-3.2987,-16.6696,-4.5556,-2.3221,-1.1883,-1.5634,-0.2103,-0.3839,NaN,NaN,-0.2726,-0.2731,-0.6837,-0.4903,-0.4550,-3.5752,-2.9513,-3.0286,-3.5922,-3.2304,-2.9248,-4.3799,-4.1006,-3.9413,-4.6726,-4.4266,-0.0370,0.0006,-17.3100,NaN,-8.3656,-7.5280,NaN,NaN,-6.3751,NaN,0.1303,NaN,NaN,NaN,-16.2669,-12.7018,-14.2108,-12.1219,-19.8596,-15.0201,NaN,NaN,-13.8693,-3.5896,-10.1253,-1.2498,NaN,-0.4314,NaN,NaN,NaN,NaN,-10.6096
0.8800,-17.8533,-19.4810,-19.4875,-19.4893,-0.1300,NaN,NaN,-6.1097,NaN,NaN,-6.7856,-8.0518,NaN,NaN,-15.9918,NaN,NaN,-16.0138,NaN,-19.3738,NaN,-3.2118,-3.3169,NaN,-18.1495,-17.9219,-2.8294,-16.6181,-4.2516,-2.3202,-1.1853,-1.5528,-0.1896,-0.4040,NaN,NaN,-0.2759,-0.2764,-0.6973,-0.5171,-0.4634,-3.3391,-2.7129,-2.8192,-3.2994,-2.9043,-2.6601,-4.0867,-3.7836,-3.6518,-4.2538,-4.0314,-0.0357,0.0017,-16.9460,NaN,-7.2580,-6.3045,NaN,NaN,-5.5278,NaN,0.1290,NaN,NaN,NaN,-16.2452,-12.1122,-13.3476,-12.1189,-19.8329,-14.9439,NaN,NaN,-12.9864,-3.1693,-9.0305,-1.2406,NaN,-0.4593,NaN,NaN,NaN,NaN,-10.6025
0.8900,-17.7737,-19.4382,-19.4452,-19.4550,-0.1300,NaN,NaN,-6.0694,NaN,NaN,-6.7512,NaN,NaN,NaN,-15.7479,NaN,NaN,-15.7374,NaN,-19.2910,NaN,-2.9024,-2.9856,NaN,-17.4384,-17.2272,-2.4038,-16.5666,-3.9460,-2.3203,-1.1854,-1.5422,-0.1814,-0.4441,NaN,NaN,-0.2791,-0.2796,-0.6776,-0.5043,-0.4944,-3.0644,-2.5146,-2.5751,-2.9598,-2.5802,-2.4105,-3.7904,-3.4289,-3.3550,-3.8254,-3.6066,-0.0340,0.0033,-16.1298,NaN,-6.2398,-5.2100,NaN,NaN,-4.7321,NaN,0.1269,NaN,NaN,NaN,-16.2240,-11.3631,-12.4847,-12.1162,-19.8066,-14.8682,NaN,NaN,-12.0903,-2.7700,-7.9623,-1.2315,NaN,-0.4891,NaN,NaN,NaN,NaN,-10.5956
0.9000,-17.6634,-19.3973,-19.4028,-19.4179,-0.1300,NaN,NaN,-6.0291,NaN,NaN,-6.7179,NaN,NaN,NaN,-15.5085,NaN,NaN,-15.4830,NaN,-19.2082,NaN,-2.5945,-2.6709,NaN,-16.7201,-16.4731,-2.0081,-16.5149,-3.6475,-2.3203,-1.1854,-1.5317,-0.1934,-0.4788,NaN,NaN,-0.2824,-0.2828,-0.6460,-0.4433,-0.5188,-2.6916,-2.2179,-2.2984,-2.6945,-2.3336,-2.1149,-3.4523,-3.0822,-3.0133,-3.4243,-3.1632,-0.0321,0.0051,-14.6289,NaN,-5.3062,-4.2874,NaN,NaN,-3.9863,NaN,0.1239,NaN,NaN,NaN,-16.2027,-10.6089,-11.6106,-12.1133,-19.7807,-14.7915,NaN,NaN,-11.2014,-2.2400,-6.9571,-1.2214,NaN,-0.5199,NaN,NaN,NaN,NaN,-10.5889
0.9100,-17.5616,-19.3584,-19.3601,-19.3807,NaN,NaN,NaN,-5.9891,NaN,NaN,NaN,NaN,NaN,NaN,-15.2785,NaN,NaN,-15.2177,NaN,-19.1284,NaN,-2.2902,-2.3735,NaN,-15.9926,-15.7067,-1.6631,-16.4632,-3.3596,-2.3205,-1.1856,-1.5212,-0.2300,-0.4870,NaN,NaN,-0.2856,-0.2860,-0.6229,-0.3934,-0.5119,-2.3567,-1.8841,-1.9973,-2.4306,-2.0206,-1.8050,-3.1543,-2.8093,-2.6970,-3.0954,NaN,NaN,0.0071,-12.7187,NaN,-4.2908,-3.5852,NaN,NaN,-3.2960,NaN,0.1199,NaN,NaN,NaN,-16.1816,-9.8418,-10.7220,-12.1096,-19.7548,-14.7153,NaN,NaN,-10.3425,-1.7176,-6.0513,-1.2095,NaN,-0.5510,NaN,NaN,NaN,NaN,-10.5824
0.9200,-17.4470,-19.3191,-19.3177,-19.3461,NaN,NaN,NaN,-5.9491,NaN,NaN,NaN,NaN,NaN,NaN,-15.0573,NaN,NaN,-14.9180,NaN,-19.0504,NaN,-1.9712,-2.0910,NaN,-15.2632,-14.9563,-1.3856,-16.4117,-3.0953,-2.3209,-1.1858,-1.5107,-0.2862,-0.4849,NaN,NaN,-0.2889,-0.2892,-0.6215,-0.4058,-0.4858,-2.0510,-1.6313,-1.7447,-2.0953,-1.6952,-1.5208,-2.8539,-2.4840,-2.4022,-2.7778,NaN,NaN,0.0091,-10.6768,NaN,-3.2291,-3.0742,NaN,NaN,-2.6456,NaN,0.1148,NaN,NaN,NaN,-16.1601,-9.1228,-9.8205,-12.1052,-19.7274,-14.6389,NaN,NaN,-9.4651,-1.1052,-5.2189,-1.1943,NaN,-0.5813,NaN,NaN,NaN,NaN,-10.5762
0.9300,-17.3349,-19.2783,-19.2763,-19.3157,NaN,NaN,NaN,-5.9094,NaN,NaN,NaN,NaN,NaN,NaN,-14.8268,NaN,NaN,-14.7081,NaN,-18.9732,NaN,-1.6605,-1.8169,NaN,-14.5206,-14.1688,-1.1543,-16.3603,-2.8538,-2.3214,-1.1862,-1.5002,-0.3593,-0.4805,NaN,NaN,-0.2922,-0.2925,-0.6260,-0.4605,-0.4574,-1.7752,-1.3732,-1.4935,-1.7633,-1.4529,-1.2734,-2.5173,-2.1195,-2.1056,-2.4795,NaN,NaN,NaN,-8.7843,NaN,-2.2366,-2.5934,NaN,NaN,-2.0410,NaN,0.1083,NaN,NaN,NaN,-16.1380,-8.4075,-8.9163,-12.1005,-19.6985,NaN,NaN,NaN,-8.2367,-0.8020,-4.3980,-1.1715,NaN,-0.6101,NaN,NaN,NaN,NaN,-10.5701
0.9400,-17.2337,-19.2310,-19.2343,-19.2882,NaN,NaN,NaN,-5.8698,NaN,NaN,NaN,NaN,NaN,NaN,-14.5679,NaN,NaN,-14.5011,NaN,-18.8938,NaN,-1.3881,-1.5452,NaN,-13.7777,-13.3517,-0.9491,-16.3088,-2.6224,-2.3222,-1.1867,-1.4898,NaN,-0.4741,NaN,NaN,-0.2954,-0.2957,-0.6322,-0.5136,-0.4305,-1.4600,-1.1475,-1.2347,-1.4308,-1.2002,-1.0191,-2.1872,-1.7930,-1.8056,-2.1986,NaN,NaN,NaN,-7.2830,NaN,-1.4192,-2.1384,NaN,NaN,-1.4808,NaN,0.1002,NaN,NaN,NaN,-16.1150,-7.6798,-7.9790,-12.0956,-19.6706,NaN,NaN,NaN,-6.5928,-0.7877,-3.6051,-1.1448,NaN,-0.6364,NaN,NaN,NaN,NaN,-10.5643
0.9500,-17.1241,-19.1807,-19.1928,-19.2613,NaN,NaN,NaN,-5.8302,NaN,NaN,NaN,NaN,NaN,NaN,-14.2884,NaN,NaN,-14.1870,NaN,-18.8127,NaN,-1.1785,-1.2757,NaN,-13.0307,-12.5792,-0.7463,-16.2573,-2.3997,-2.3232,-1.1875,-1.4795,NaN,-0.4372,NaN,NaN,-0.2987,-0.2989,-0.6376,-0.5450,-0.4024,-1.1504,-0.9878,-0.9754,-1.0816,-0.9439,-0.7610,-1.8440,-1.4956,-1.5105,-1.9455,NaN,NaN,NaN,-6.0136,NaN,-0.8826,-1.7204,NaN,NaN,-0.9591,NaN,0.0906,NaN,NaN,NaN,-16.0911,-6.9416,-7.0595,-12.0903,-19.6450,NaN,NaN,NaN,-4.8158,-0.7932,-2.8571,-1.1203,NaN,-0.6593,NaN,NaN,NaN,NaN,-10.5588
0.9600,-17.0187,-19.1366,-19.1548,-19.2327,NaN,NaN,NaN,-5.7907,NaN,NaN,NaN,NaN,NaN,NaN,-14.0185,NaN,NaN,-13.9317,NaN,-18.7320,NaN,-0.8917,-0.9435,NaN,-12.2811,-11.7994,-0.5953,-16.2059,-2.1855,-2.3246,-1.1885,NaN,NaN,-0.3566,NaN,NaN,NaN,-0.3021,-0.6399,-0.5719,-0.3900,-0.9062,-0.7399,-0.7775,-0.8848,-0.6901,-0.4986,-1.4582,-1.2179,-1.2152,-1.7202,NaN,NaN,NaN,-4.8097,NaN,-0.7088,-1.3509,NaN,NaN,-0.5657,NaN,0.0793,NaN,NaN,NaN,-16.0665,-6.2550,-6.1090,-12.0848,-19.6235,NaN,NaN,NaN,-3.1331,-0.8075,-2.1708,-1.1037,NaN,-0.6779,NaN,NaN,NaN,NaN,-10.5535
0.9700,-16.9253,-19.1044,-19.1234,-19.2019,NaN,NaN,NaN,-5.7517,NaN,NaN,NaN,NaN,NaN,NaN,-13.7759,NaN,NaN,-13.7074,NaN,-18.6513,NaN,-0.6288,-0.7017,NaN,-11.5361,-10.9833,-0.5755,-16.1544,-1.9831,-2.3263,NaN,NaN,NaN,-0.2490,NaN,NaN,NaN,-0.3053,-0.6399,-0.5849,-0.3983,-0.6703,-0.5206,-0.6109,-0.7032,-0.4980,-0.3421,-1.1850,-0.8935,-0.9492,-1.5301,NaN,NaN,NaN,-3.6817,NaN,-0.6522,-1.0441,NaN,NaN,-0.5804,NaN,0.0658,NaN,NaN,NaN,-16.0408,-5.5156,NaN,-12.0790,-19.6078,NaN,NaN,NaN,-1.7807,-0.8217,-1.5633,-1.1000,NaN,-0.6914,NaN,NaN,NaN,NaN,-10.5486
0.9800,-16.8613,-19.0776,-19.0953,-19.1693,NaN,NaN,NaN,-5.7128,NaN,NaN,NaN,NaN,NaN,NaN,-13.5397,NaN,NaN,-13.4835,NaN,-18.5718,NaN,NaN,-0.7167,NaN,-10.7802,-10.1791,-0.4925,-16.1029,-1.7900,NaN,NaN,NaN,NaN,NaN,NaN,NaN,NaN,-0.3086,-0.6399,-0.5703,-0.4222,NaN,-0.4083,-0.3874,-0.3362,-0.3460,-0.2215,-0.9251,-0.5973,-0.6951,NaN,NaN,NaN,NaN,-2.6426,NaN,-0.6146,-0.8051,NaN,NaN,NaN,NaN,NaN,NaN,NaN,NaN,-16.0147,-4.7849,NaN,-12.0729,-19.5947,NaN,NaN,NaN,-1.0307,-0.8269,-1.0466,-1.1000,NaN,-0.6988,NaN,NaN,NaN,NaN,-10.5439
0.9900,-16.8015,-19.0554,-19.0706,-19.1353,NaN,NaN,NaN,-5.6741,NaN,NaN,NaN,NaN,NaN,NaN,-13.2898,NaN,NaN,-13.3284,NaN,-18.4939,NaN,NaN,-0.5315,NaN,-10.0285,-9.3742,-0.4846,-16.0515,-1.6105,NaN,NaN,NaN,NaN,NaN,NaN,NaN,NaN,-0.3118,-0.6399,-0.5241,NaN,NaN,-0.2577,-0.1968,-0.1378,-0.2188,-0.0929,-0.5919,-0.3561,-0.4455,NaN,NaN,NaN,NaN,-1.6890,NaN,-0.5897,-0.6486,NaN,NaN,NaN,NaN,NaN,NaN,NaN,NaN,-15.9876,-4.0553,NaN,-12.0666,-19.5840,NaN,NaN,NaN,-0.9549,-0.8234,-0.7849,-1.1000,NaN,-0.6280,NaN,NaN,NaN,NaN,-10.5396
1.0000,-16.7400,-19.0400,-19.0500,-19.1000,NaN,NaN,NaN,-5.6356,NaN,NaN,NaN,NaN,NaN,NaN,NaN,NaN,NaN,NaN,NaN,-18.4158,NaN,NaN,NaN,NaN,-9.2860,-8.5687,-0.3900,-16.0000,NaN,NaN,NaN,NaN,NaN,NaN,NaN,NaN,NaN,-0.3150,NaN,-0.4550,NaN,NaN,NaN,NaN,NaN,NaN,NaN,NaN,NaN,NaN,NaN,NaN,NaN,NaN,NaN,NaN,NaN,-0.5860,NaN,NaN,NaN,NaN,NaN,NaN,NaN,NaN,-15.9600,NaN,NaN,-12.0600,-19.5767,NaN,NaN,NaN,-1.0500,-0.7405,NaN,-1.1000,NaN,-0.2000,NaN,NaN,NaN,NaN,-10.5356
